,dates,long_ma_type,short_ma_type,long_window,long_to_short_ratio,rsi_bounds,z_score_centre,total_return_percent,volatility,max_drawdown,return_per_unit_risk
0,"['2022-04-01', '2022-06-30']",sma,sma,60,2,"[20, 80]",1.0,5.75567942126054,11.95602282659478,-20.300157381503592,0.48140418471414276
1,"['2022-04-01', '2022-06-30']",sma,sma,60,2,"[20, 80]",0.75,7.653377767583747,11.608042752197765,-17.955749155519385,0.6593168142953921
2,"['2022-04-01', '2022-06-30']",sma,sma,60,2,"[30, 70]",1.0,5.368758789943273,11.679360692116077,-19.676961076906387,0.4596791666488516
3,"['2022-04-01', '2022-06-30']",sma,sma,60,2,"[30, 70]",0.75,7.822498924964716,11.539657111293407,-17.492848097472237,0.677879667439091
4,"['2022-04-01', '2022-06-30']",sma,sma,60,2,"[40, 60]",1.0,7.722875752931002,11.465629001150933,-16.629391595807235,0.6735675602407657
5,"['2022-04-01', '2022-06-30']",sma,sma,60,2,"[40, 60]",0.75,8.78679367658799,11.284382828143771,-15.02897262117355,0.7786685200606028
6,"['2022-04-01', '2022-06-30']",sma,sma,60,3,"[20, 80]",1.0,4.493863081797289,11.907272146971827,-20.595842177813793,0.3774049191392788
7,"['2022-04-01', '2022-06-30']",sma,sma,60,3,"[20, 80]",0.75,5.382632244793584,11.580061826020131,-18.691754083577703,0.4648189556897644
8,"['2022-04-01', '2022-06-30']",sma,sma,60,3,"[30, 70]",1.0,4.879177163732118,11.660870973010011,-19.86455620220241,0.4184230470455724
9,"['2022-04-01', '2022-06-30']",sma,sma,60,3,"[30, 70]",0.75,6.204139128939801,11.462120214476744,-17.937580113421625,0.5412732559813782
10,"['2022-04-01', '2022-06-30']",sma,sma,60,3,"[40, 60]",1.0,4.8913202261938515,11.520562470030736,-17.937516053609773,0.42457303963395826
11,"['2022-04-01', '2022-06-30']",sma,sma,60,3,"[40, 60]",0.75,7.117156105264155,11.580816854150102,-15.921925392394561,0.6145642569862118
12,"['2022-04-01', '2022-06-30']",sma,sma,60,4,"[20, 80]",1.0,5.2454810042112054,11.869238677535279,-20.197507378145634,0.4419391290984185
13,"['2022-04-01', '2022-06-30']",sma,sma,60,4,"[20, 80]",0.75,5.716041703501884,11.455381021363511,-18.247179196810507,0.49898311482104807
14,"['2022-04-01', '2022-06-30']",sma,sma,60,4,"[30, 70]",1.0,4.408598279769005,11.672823030272472,-19.98679145454654,0.3776805549382254
15,"['2022-04-01', '2022-06-30']",sma,sma,60,4,"[30, 70]",0.75,5.613301815978322,11.45686444241708,-17.76905720604313,0.4899509673166798
16,"['2022-04-01', '2022-06-30']",sma,sma,60,4,"[40, 60]",1.0,8.0115898893792,11.747413235986036,-18.266428351640567,0.6819875770469341
17,"['2022-04-01', '2022-06-30']",sma,sma,60,4,"[40, 60]",0.75,10.202988195339092,11.65735661711736,-16.28117643200535,0.8752402907840435
18,"['2022-04-01', '2022-06-30']",sma,sma,72,2,"[20, 80]",1.0,3.9970086964803864,11.71181082635549,-20.52103206491598,0.34128016202975037
19,"['2022-04-01', '2022-06-30']",sma,sma,72,2,"[20, 80]",0.75,3.615119546992074,11.60596749358899,-19.41987080567599,0.31148799520496906
20,"['2022-04-01', '2022-06-30']",sma,sma,72,2,"[30, 70]",1.0,3.0714953258747846,11.619800686203764,-20.91323772025067,0.26433287530668087
21,"['2022-04-01', '2022-06-30']",sma,sma,72,2,"[30, 70]",0.75,3.802197662288198,11.533391752971278,-19.286952923167707,0.3296686476732797
22,"['2022-04-01', '2022-06-30']",sma,sma,72,2,"[40, 60]",1.0,6.428645600769989,11.090412299045335,-16.691996842687768,0.5796579448469529
23,"['2022-04-01', '2022-06-30']",sma,sma,72,2,"[40, 60]",0.75,8.796010449753755,11.291310412627013,-16.22946723013446,0.7790070530624349
24,"['2022-04-01', '2022-06-30']",sma,sma,72,3,"[20, 80]",1.0,5.077328097404754,11.758213743307325,-20.350254966220447,0.43181117542575087
25,"['2022-04-01', '2022-06-30']",sma,sma,72,3,"[20, 80]",0.75,4.6912207882986445,11.61494202332453,-19.27540230157046,0.40389532542461043
26,"['2022-04-01', '2022-06-30']",sma,sma,72,3,"[30, 70]",1.0,5.296544936414427,11.573018491236448,-20.396385517894455,0.45766322247088626
27,"['2022-04-01', '2022-06-30']",sma,sma,72,3,"[30, 70]",0.75,5.860686514512947,11.532139790153293,-18.80427062425016,0.5082046021950835
28,"['2022-04-01', '2022-06-30']",sma,sma,72,3,"[40, 60]",1.0,8.62046791863278,11.441078228207642,-18.359122797481074,0.753466390726992
29,"['2022-04-01', '2022-06-30']",sma,sma,72,3,"[40, 60]",0.75,9.5681455512731,11.44519178996937,-16.67090309402954,0.8359969607201058
30,"['2022-04-01', '2022-06-30']",sma,sma,72,4,"[20, 80]",1.0,4.7760176754585215,11.696173006891994,-20.07129011330798,0.4083402043253159
31,"['2022-04-01', '2022-06-30']",sma,sma,72,4,"[20, 80]",0.75,5.882975963288373,11.538530853874533,-17.906944748944486,0.5098548539490123
32,"['2022-04-01', '2022-06-30']",sma,sma,72,4,"[30, 70]",1.0,5.00741151543902,11.597105346200316,-19.857810491621127,0.43178115279255025
33,"['2022-04-01', '2022-06-30']",sma,sma,72,4,"[30, 70]",0.75,6.373360712135345,11.499638950570153,-17.84374166320989,0.554222679471111
34,"['2022-04-01', '2022-06-30']",sma,sma,72,4,"[40, 60]",1.0,7.30438205537649,11.674579178883837,-17.17301022791535,0.6256655544885203
35,"['2022-04-01', '2022-06-30']",sma,sma,72,4,"[40, 60]",0.75,7.6922707101942045,11.699363001678218,-16.79456880688524,0.6574948319058725
36,"['2022-04-01', '2022-06-30']",sma,sma,84,2,"[20, 80]",1.0,3.742712554216965,11.673705890538026,-19.942724494727226,0.3206104890179367
37,"['2022-04-01', '2022-06-30']",sma,sma,84,2,"[20, 80]",0.75,3.366401875751124,11.658431111212419,-19.350760891869847,0.28875256401468197
38,"['2022-04-01', '2022-06-30']",sma,sma,84,2,"[30, 70]",1.0,3.6300369778105024,11.501738360491832,-19.95314115236051,0.31560768155530156
39,"['2022-04-01', '2022-06-30']",sma,sma,84,2,"[30, 70]",0.75,4.535243661189536,11.543426393962209,-18.73462744113074,0.3928853969703221
40,"['2022-04-01', '2022-06-30']",sma,sma,84,2,"[40, 60]",1.0,6.191751600956263,11.353189923167479,-17.923984289709384,0.5453754973587898
41,"['2022-04-01', '2022-06-30']",sma,sma,84,2,"[40, 60]",0.75,7.276850416513003,11.752577667011831,-18.6079747885739,0.6191705873119483
42,"['2022-04-01', '2022-06-30']",sma,sma,84,3,"[20, 80]",1.0,4.307421642057796,11.649723194019291,-20.170126030840077,0.36974454846009824
43,"['2022-04-01', '2022-06-30']",sma,sma,84,3,"[20, 80]",0.75,3.4599352041389198,11.5767884080558,-20.0741087681425,0.29886831150263543
44,"['2022-04-01', '2022-06-30']",sma,sma,84,3,"[30, 70]",1.0,2.8550514854280395,11.513092535606049,-20.70597689652003,0.24798302251096688
45,"['2022-04-01', '2022-06-30']",sma,sma,84,3,"[30, 70]",0.75,2.8049348194230994,11.50691238254391,-20.322939304180164,0.24376085662025299
46,"['2022-04-01', '2022-06-30']",sma,sma,84,3,"[40, 60]",1.0,6.183732950822574,11.168482200762742,-16.97739010372183,0.5536771102523009
47,"['2022-04-01', '2022-06-30']",sma,sma,84,3,"[40, 60]",0.75,6.417417167659334,11.401344634364682,-17.461785638693307,0.5628649403612149
48,"['2022-04-01', '2022-06-30']",sma,sma,84,4,"[20, 80]",1.0,5.087661665917964,11.628341093914788,-19.722955674121074,0.4375225687678169
49,"['2022-04-01', '2022-06-30']",sma,sma,84,4,"[20, 80]",0.75,4.088451985747121,11.53916378222598,-19.019924615209767,0.35431094166846394
50,"['2022-04-01', '2022-06-30']",sma,sma,84,4,"[30, 70]",1.0,4.114542391018916,11.468890555611434,-20.382086395635802,0.3587567926529542
51,"['2022-04-01', '2022-06-30']",sma,sma,84,4,"[30, 70]",0.75,2.7568872199112304,11.499527365483617,-20.29286133133915,0.2397391764279078
52,"['2022-04-01', '2022-06-30']",sma,sma,84,4,"[40, 60]",1.0,5.165638089930558,11.257550493605798,-18.119113657324963,0.45885986412982116
53,"['2022-04-01', '2022-06-30']",sma,sma,84,4,"[40, 60]",0.75,6.479731047404136,11.27152262519143,-17.214764034144117,0.5748762844979063
54,"['2022-04-01', '2022-06-30']",sma,sma,96,2,"[20, 80]",1.0,1.371331335414805,11.553564583135675,-20.47224470394699,0.11869335437969405
55,"['2022-04-01', '2022-06-30']",sma,sma,96,2,"[20, 80]",0.75,1.7638384049944333,11.429821511414216,-18.394205465704363,0.15431898067988228
56,"['2022-04-01', '2022-06-30']",sma,sma,96,2,"[30, 70]",1.0,0.7218041125931496,11.448738930480635,-20.544250970321208,0.06304660425712469
57,"['2022-04-01', '2022-06-30']",sma,sma,96,2,"[30, 70]",0.75,1.966189209187652,11.406911120424503,-18.448321555532452,0.17236824136089887
58,"['2022-04-01', '2022-06-30']",sma,sma,96,2,"[40, 60]",1.0,1.0547260114900814,11.2155049600005,-18.822406167636355,0.09404177656304424
59,"['2022-04-01', '2022-06-30']",sma,sma,96,2,"[40, 60]",0.75,1.8686414443010335,11.061291681044096,-18.215749035081732,0.1689351929398402
60,"['2022-04-01', '2022-06-30']",sma,sma,96,3,"[20, 80]",1.0,3.0248780163464994,11.569569531358978,-20.637456988082146,0.2614512154620495
61,"['2022-04-01', '2022-06-30']",sma,sma,96,3,"[20, 80]",0.75,2.7479151143013247,11.392992102553128,-18.71862065172918,0.24119345379740295
62,"['2022-04-01', '2022-06-30']",sma,sma,96,3,"[30, 70]",1.0,2.5213972710950383,11.446261476245567,-20.77069799631454,0.22028129239644711
63,"['2022-04-01', '2022-06-30']",sma,sma,96,3,"[30, 70]",0.75,2.228590903504424,11.308270590179113,-18.88489215701358,0.19707619177771415
64,"['2022-04-01', '2022-06-30']",sma,sma,96,3,"[40, 60]",1.0,3.872956352669843,11.054188717839127,-17.397832566819186,0.35036097641609004
65,"['2022-04-01', '2022-06-30']",sma,sma,96,3,"[40, 60]",0.75,5.335083872955226,11.143948299611035,-16.920099614610482,0.4787426977870528
66,"['2022-04-01', '2022-06-30']",sma,sma,96,4,"[20, 80]",1.0,2.9562366143703,11.570878641900382,-20.66988096144509,0.25548938035398605
67,"['2022-04-01', '2022-06-30']",sma,sma,96,4,"[20, 80]",0.75,2.500539788886602,11.445206844156907,-19.011285665817944,0.21847921343275647
68,"['2022-04-01', '2022-06-30']",sma,sma,96,4,"[30, 70]",1.0,3.035000254199649,11.391023814430019,-20.198823956293417,0.26643788158487963
69,"['2022-04-01', '2022-06-30']",sma,sma,96,4,"[30, 70]",0.75,2.4828698117717707,11.281025260273053,-18.867831147722498,0.2200925673409647
70,"['2022-04-01', '2022-06-30']",sma,sma,96,4,"[40, 60]",1.0,5.072025979215211,11.099455147433277,-17.757187606404333,0.4569617077454568
71,"['2022-04-01', '2022-06-30']",sma,sma,96,4,"[40, 60]",0.75,4.2330185324678915,11.087524172660409,-17.09637637757242,0.3817821243542953
72,"['2022-04-01', '2022-06-30']",sma,ema,60,2,"[20, 80]",1.0,5.329626901857432,11.856663656769895,-20.169681375763943,0.44950477268656697
73,"['2022-04-01', '2022-06-30']",sma,ema,60,2,"[20, 80]",0.75,5.750229882108071,11.503519286893175,-18.456163163550446,0.49986701797073013
74,"['2022-04-01', '2022-06-30']",sma,ema,60,2,"[30, 70]",1.0,4.979300504370654,11.590727267181505,-19.659481218656854,0.4295934491073105
75,"['2022-04-01', '2022-06-30']",sma,ema,60,2,"[30, 70]",0.75,5.702532602670685,11.400226521459931,-18.25179643972227,0.5002122187604049
76,"['2022-04-01', '2022-06-30']",sma,ema,60,2,"[40, 60]",1.0,6.325852981253877,11.371542718947293,-16.323145946128932,0.5562880198052393
77,"['2022-04-01', '2022-06-30']",sma,ema,60,2,"[40, 60]",0.75,6.354116302258395,11.211508816268566,-15.396169879760594,0.5667494363504575
78,"['2022-04-01', '2022-06-30']",sma,ema,60,3,"[20, 80]",1.0,5.442242894625271,11.810389816392583,-20.343857546053325,0.46080129269497505
79,"['2022-04-01', '2022-06-30']",sma,ema,60,3,"[20, 80]",0.75,5.641959074607739,11.475617887768449,-18.80294935476265,0.49164751996677675
80,"['2022-04-01', '2022-06-30']",sma,ema,60,3,"[30, 70]",1.0,5.978889371243867,11.568891631677966,-19.62354588518102,0.5168074489411292
81,"['2022-04-01', '2022-06-30']",sma,ema,60,3,"[30, 70]",0.75,6.870618361982239,11.375559564774438,-17.75739265578188,0.6039806941240762
82,"['2022-04-01', '2022-06-30']",sma,ema,60,3,"[40, 60]",1.0,7.09184327045187,11.559057238763005,-17.51394665861396,0.6135312875404365
83,"['2022-04-01', '2022-06-30']",sma,ema,60,3,"[40, 60]",0.75,8.73576938684244,11.650820303101863,-15.694410973167846,0.7497986544790042
84,"['2022-04-01', '2022-06-30']",sma,ema,60,4,"[20, 80]",1.0,5.268846678805161,11.896313915051005,-20.35405401564719,0.4428974148151143
85,"['2022-04-01', '2022-06-30']",sma,ema,60,4,"[20, 80]",0.75,4.819941519340953,11.472123336974406,-19.088330555943603,0.4201438023078418
86,"['2022-04-01', '2022-06-30']",sma,ema,60,4,"[30, 70]",1.0,4.109322747808375,11.705617399393278,-20.395105451173787,0.3510556177943564
87,"['2022-04-01', '2022-06-30']",sma,ema,60,4,"[30, 70]",0.75,4.555460092185393,11.483494803550723,-18.689020025185577,0.3966963167673341
88,"['2022-04-01', '2022-06-30']",sma,ema,60,4,"[40, 60]",1.0,7.998059166799276,11.768616981584715,-18.723308127841758,0.67960909759528
89,"['2022-04-01', '2022-06-30']",sma,ema,60,4,"[40, 60]",0.75,9.591025042357515,11.651271520684258,-17.07524890073307,0.8231741081074945
90,"['2022-04-01', '2022-06-30']",sma,ema,72,2,"[20, 80]",1.0,4.919065259827371,11.708377892622023,-20.108111670523694,0.420132088743659
91,"['2022-04-01', '2022-06-30']",sma,ema,72,2,"[20, 80]",0.75,5.430594466569194,11.523866737158563,-18.294139416364512,0.47124759340181455
92,"['2022-04-01', '2022-06-30']",sma,ema,72,2,"[30, 70]",1.0,4.470634489156411,11.612906040006758,-20.108564150424414,0.3849712099413326
93,"['2022-04-01', '2022-06-30']",sma,ema,72,2,"[30, 70]",0.75,5.865930581906609,11.456269683188095,-17.927336756301063,0.5120279763067008
94,"['2022-04-01', '2022-06-30']",sma,ema,72,2,"[40, 60]",1.0,6.1543909639518946,11.01565977454812,-17.04976137591649,0.5586947209618552
95,"['2022-04-01', '2022-06-30']",sma,ema,72,2,"[40, 60]",0.75,8.838334019599259,11.125189144174632,-15.11411999698339,0.7944434836172817
96,"['2022-04-01', '2022-06-30']",sma,ema,72,3,"[20, 80]",1.0,4.6486352291496225,11.70635845474844,-20.270892376729098,0.39710344144331244
97,"['2022-04-01', '2022-06-30']",sma,ema,72,3,"[20, 80]",0.75,4.429678218065236,11.544619720805686,-18.944409476461,0.3837006610171906
98,"['2022-04-01', '2022-06-30']",sma,ema,72,3,"[30, 70]",1.0,4.50303724644443,11.50641795494273,-20.20247305149532,0.3913500503873225
99,"['2022-04-01', '2022-06-30']",sma,ema,72,3,"[30, 70]",0.75,5.258599136401587,11.425128709216112,-18.338734234693888,0.46026607404078723
100,"['2022-04-01', '2022-06-30']",sma,ema,72,3,"[40, 60]",1.0,6.931464047759506,11.31989832072738,-18.286668960634326,0.6123256456347845
101,"['2022-04-01', '2022-06-30']",sma,ema,72,3,"[40, 60]",0.75,8.959203473920919,11.350689959028546,-16.03075511104087,0.7893091526823535
102,"['2022-04-01', '2022-06-30']",sma,ema,72,4,"[20, 80]",1.0,5.279350219501011,11.699587518268007,-20.011038471923932,0.4512424229706997
103,"['2022-04-01', '2022-06-30']",sma,ema,72,4,"[20, 80]",0.75,6.541695427507999,11.537234553716273,-17.76754719402252,0.5670072318501009
104,"['2022-04-01', '2022-06-30']",sma,ema,72,4,"[30, 70]",1.0,5.405080543297913,11.650730796210794,-20.20011178479519,0.4639263096745678
105,"['2022-04-01', '2022-06-30']",sma,ema,72,4,"[30, 70]",0.75,6.206204393863013,11.471943640367316,-18.380159666459075,0.5409897911304853
106,"['2022-04-01', '2022-06-30']",sma,ema,72,4,"[40, 60]",1.0,8.018241402635207,11.824582322622613,-17.697122103162403,0.6780993344090326
107,"['2022-04-01', '2022-06-30']",sma,ema,72,4,"[40, 60]",0.75,7.06229175407771,11.670693446528361,-17.219665956653177,0.6051304308895633
108,"['2022-04-01', '2022-06-30']",sma,ema,84,2,"[20, 80]",1.0,4.122178190170667,11.644075438489878,-20.064812682107014,0.35401507074959937
109,"['2022-04-01', '2022-06-30']",sma,ema,84,2,"[20, 80]",0.75,2.6391167113603897,11.547009978492975,-19.952876333949586,0.22855412061441957
110,"['2022-04-01', '2022-06-30']",sma,ema,84,2,"[30, 70]",1.0,4.13555529342422,11.465203425753712,-19.98767357623448,0.3607049207809719
111,"['2022-04-01', '2022-06-30']",sma,ema,84,2,"[30, 70]",0.75,3.804902968040702,11.437476316402133,-19.12539008481025,0.3326698008182284
112,"['2022-04-01', '2022-06-30']",sma,ema,84,2,"[40, 60]",1.0,7.1503068046413265,11.045133608765392,-16.671151402458868,0.647371689462123
113,"['2022-04-01', '2022-06-30']",sma,ema,84,2,"[40, 60]",0.75,5.347783755747071,11.10703910457392,-17.68426325897657,0.48147698998780275
114,"['2022-04-01', '2022-06-30']",sma,ema,84,3,"[20, 80]",1.0,5.148278214270974,11.619580701275261,-19.695391738965295,0.4430691904145857
115,"['2022-04-01', '2022-06-30']",sma,ema,84,3,"[20, 80]",0.75,4.397181800141592,11.537249895173943,-19.128502086753087,0.3811291113648273
116,"['2022-04-01', '2022-06-30']",sma,ema,84,3,"[30, 70]",1.0,3.686202319202314,11.47690245011644,-20.22567000312906,0.321184425433965
117,"['2022-04-01', '2022-06-30']",sma,ema,84,3,"[30, 70]",0.75,3.653307406888251,11.427649024361523,-19.430025062467944,0.3196902004165608
118,"['2022-04-01', '2022-06-30']",sma,ema,84,3,"[40, 60]",1.0,7.162994804329781,11.142491990366493,-16.31433630303943,0.642853933439909
119,"['2022-04-01', '2022-06-30']",sma,ema,84,3,"[40, 60]",0.75,7.861207834771267,11.430294348038135,-16.3680808550672,0.6877520031774635
120,"['2022-04-01', '2022-06-30']",sma,ema,84,4,"[20, 80]",1.0,4.613641139113733,11.618600975759914,-19.74153038201516,0.3970909362271113
121,"['2022-04-01', '2022-06-30']",sma,ema,84,4,"[20, 80]",0.75,3.8589603379592052,11.541297419144936,-19.105683922461182,0.33436105125909715
122,"['2022-04-01', '2022-06-30']",sma,ema,84,4,"[30, 70]",1.0,3.668378032173214,11.463991456594771,-20.472895579413045,0.31999134385807176
123,"['2022-04-01', '2022-06-30']",sma,ema,84,4,"[30, 70]",0.75,2.378513152025219,11.52001964167095,-20.549924961458093,0.20646780352886807
124,"['2022-04-01', '2022-06-30']",sma,ema,84,4,"[40, 60]",1.0,4.821705125190312,11.340839521908224,-18.048274367222593,0.425162979854864
125,"['2022-04-01', '2022-06-30']",sma,ema,84,4,"[40, 60]",0.75,6.280465307308281,11.399168298413775,-17.16347778042326,0.5509582052738202
126,"['2022-04-01', '2022-06-30']",sma,ema,96,2,"[20, 80]",1.0,3.6865716453362785,11.55497800405082,-20.32000487984198,0.3190461846006007
127,"['2022-04-01', '2022-06-30']",sma,ema,96,2,"[20, 80]",0.75,3.0153013271719598,11.438611978517812,-18.566149043651087,0.26360727445207693
128,"['2022-04-01', '2022-06-30']",sma,ema,96,2,"[30, 70]",1.0,3.0467822047423487,11.45783891152819,-20.384774812553022,0.26591246641431304
129,"['2022-04-01', '2022-06-30']",sma,ema,96,2,"[30, 70]",0.75,3.081609475420821,11.437510562418618,-18.62980219065947,0.2694300878327821
130,"['2022-04-01', '2022-06-30']",sma,ema,96,2,"[40, 60]",1.0,4.084377677329409,11.122326298470378,-18.56126281164181,0.3672233279013872
131,"['2022-04-01', '2022-06-30']",sma,ema,96,2,"[40, 60]",0.75,3.4709890231926055,11.05651532799394,-18.166581945867787,0.313931552593648
132,"['2022-04-01', '2022-06-30']",sma,ema,96,3,"[20, 80]",1.0,3.246195478406988,11.592799643896289,-20.5267149297691,0.2800182508214173
133,"['2022-04-01', '2022-06-30']",sma,ema,96,3,"[20, 80]",0.75,2.6559101046455424,11.461023724978439,-18.91388670741128,0.23173410756119334
134,"['2022-04-01', '2022-06-30']",sma,ema,96,3,"[30, 70]",1.0,2.6408150287989596,11.476051536457724,-20.6655364323237,0.23011529883858392
135,"['2022-04-01', '2022-06-30']",sma,ema,96,3,"[30, 70]",0.75,1.949506087714048,11.396270827528214,-19.123885923044057,0.17106526487637752
136,"['2022-04-01', '2022-06-30']",sma,ema,96,3,"[40, 60]",1.0,4.355554801566308,11.0449286279763,-16.914457340129516,0.3943488408366792
137,"['2022-04-01', '2022-06-30']",sma,ema,96,3,"[40, 60]",0.75,5.2215530119390285,11.170525544599405,-16.8367599348985,0.4674402284020991
138,"['2022-04-01', '2022-06-30']",sma,ema,96,4,"[20, 80]",1.0,3.6831598828261924,11.55181586596434,-20.255899036012405,0.31883817449670926
139,"['2022-04-01', '2022-06-30']",sma,ema,96,4,"[20, 80]",0.75,3.4192429377826405,11.437948681067322,-18.40345162079836,0.2989384751692711
140,"['2022-04-01', '2022-06-30']",sma,ema,96,4,"[30, 70]",1.0,3.7148506159857764,11.346263244712247,-19.827834761629333,0.32740740593314066
141,"['2022-04-01', '2022-06-30']",sma,ema,96,4,"[30, 70]",0.75,3.467223839153122,11.242069524765078,-18.168921137599856,0.30841508598707723
142,"['2022-04-01', '2022-06-30']",sma,ema,96,4,"[40, 60]",1.0,4.9546947152175225,11.024842423203292,-17.44957169355442,0.4494118396458609
143,"['2022-04-01', '2022-06-30']",sma,ema,96,4,"[40, 60]",0.75,3.934287015252136,11.006540907064847,-16.76744084302601,0.35744990623955314
144,"['2022-04-01', '2022-06-30']",ema,sma,60,2,"[20, 80]",1.0,4.800458110478356,11.901610656223001,-20.82536729968572,0.40334524873474487
145,"['2022-04-01', '2022-06-30']",ema,sma,60,2,"[20, 80]",0.75,5.420520846443155,11.551128707163242,-19.137714242882335,0.4692633061115239
146,"['2022-04-01', '2022-06-30']",ema,sma,60,2,"[30, 70]",1.0,4.0217690369419135,11.648283241591567,-20.505820210267924,0.3452671053346053
147,"['2022-04-01', '2022-06-30']",ema,sma,60,2,"[30, 70]",0.75,4.764548175697536,11.486373617263922,-19.033652539392982,0.41480003475913935
148,"['2022-04-01', '2022-06-30']",ema,sma,60,2,"[40, 60]",1.0,4.25264660816651,11.451434125493094,-18.03574578551881,0.3713636703982169
149,"['2022-04-01', '2022-06-30']",ema,sma,60,2,"[40, 60]",0.75,6.569250814677119,11.276924696492486,-16.005350896382673,0.5825392109535309
150,"['2022-04-01', '2022-06-30']",ema,sma,60,3,"[20, 80]",1.0,3.2399143080508397,11.867973946381147,-20.804072684020227,0.2729964122510375
151,"['2022-04-01', '2022-06-30']",ema,sma,60,3,"[20, 80]",0.75,3.2278844258243566,11.483777748421678,-19.038795956655914,0.28108210525652105
152,"['2022-04-01', '2022-06-30']",ema,sma,60,3,"[30, 70]",1.0,3.5834747975943992,11.580169785907945,-19.91334925329736,0.3094492450322425
153,"['2022-04-01', '2022-06-30']",ema,sma,60,3,"[30, 70]",0.75,3.847671363156646,11.359084087940447,-18.17438060657766,0.33873077559497844
154,"['2022-04-01', '2022-06-30']",ema,sma,60,3,"[40, 60]",1.0,3.306899547257758,11.46354612101311,-17.96352191599749,0.28847090702553957
155,"['2022-04-01', '2022-06-30']",ema,sma,60,3,"[40, 60]",0.75,5.757893145556547,11.54265084229264,-15.92019533238107,0.49883629195985413
156,"['2022-04-01', '2022-06-30']",ema,sma,60,4,"[20, 80]",1.0,4.114271075024756,11.8955731013724,-20.212637136933566,0.3458657300462547
157,"['2022-04-01', '2022-06-30']",ema,sma,60,4,"[20, 80]",0.75,4.067750261885528,11.46828938077643,-18.48794652049642,0.3546954673731935
158,"['2022-04-01', '2022-06-30']",ema,sma,60,4,"[30, 70]",1.0,3.928681651021426,11.67687558942258,-20.07422253524117,0.33644973100340264
159,"['2022-04-01', '2022-06-30']",ema,sma,60,4,"[30, 70]",0.75,4.664681060094278,11.434259299515116,-17.950597653887524,0.40795655738645786
160,"['2022-04-01', '2022-06-30']",ema,sma,60,4,"[40, 60]",1.0,8.667271518661135,11.818550429651047,-18.467914762835775,0.7333616394203636
161,"['2022-04-01', '2022-06-30']",ema,sma,60,4,"[40, 60]",0.75,10.947779493258158,11.744338824327718,-16.38123802620564,0.9321750382899774
162,"['2022-04-01', '2022-06-30']",ema,sma,72,2,"[20, 80]",1.0,2.1439077720747157,11.748841007925567,-21.16925971472395,0.18247823514068087
163,"['2022-04-01', '2022-06-30']",ema,sma,72,2,"[20, 80]",0.75,1.5688722670765598,11.686339965459885,-21.024394021656576,0.13424838501305922
164,"['2022-04-01', '2022-06-30']",ema,sma,72,2,"[30, 70]",1.0,1.309902720720002,11.633173817416138,-21.46252417592993,0.11260063171745392
165,"['2022-04-01', '2022-06-30']",ema,sma,72,2,"[30, 70]",0.75,1.88437030386861,11.640925921173825,-20.90184902311946,0.1618746065930293
166,"['2022-04-01', '2022-06-30']",ema,sma,72,2,"[40, 60]",1.0,2.079919368200289,11.1718047527699,-19.240615465944476,0.1861757714378781
167,"['2022-04-01', '2022-06-30']",ema,sma,72,2,"[40, 60]",0.75,4.809114378087487,11.41224420928179,-18.40530827492703,0.4213995328084677
168,"['2022-04-01', '2022-06-30']",ema,sma,72,3,"[20, 80]",1.0,2.833884995974789,11.705820127864849,-20.722297696653495,0.24209196493878574
169,"['2022-04-01', '2022-06-30']",ema,sma,72,3,"[20, 80]",0.75,2.117525624830119,11.610232604028868,-19.886577877525333,0.18238442734517793
170,"['2022-04-01', '2022-06-30']",ema,sma,72,3,"[30, 70]",1.0,3.182097970415354,11.534481113442437,-20.682368265637997,0.2758769934355257
171,"['2022-04-01', '2022-06-30']",ema,sma,72,3,"[30, 70]",0.75,3.702948587979371,11.529412906032194,-19.20880739293128,0.32117408042884704
172,"['2022-04-01', '2022-06-30']",ema,sma,72,3,"[40, 60]",1.0,5.914767425267464,11.324579298595939,-18.444041077801007,0.5222946715557722
173,"['2022-04-01', '2022-06-30']",ema,sma,72,3,"[40, 60]",0.75,6.798482382205284,11.39424879397238,-16.96997490075922,0.5966591133065059
174,"['2022-04-01', '2022-06-30']",ema,sma,72,4,"[20, 80]",1.0,2.828066588676248,11.71205391706749,-20.72598458938348,0.24146632253417344
175,"['2022-04-01', '2022-06-30']",ema,sma,72,4,"[20, 80]",0.75,2.582044047138221,11.53549054296355,-19.267256640621273,0.22383478513735364
176,"['2022-04-01', '2022-06-30']",ema,sma,72,4,"[30, 70]",1.0,2.9369779004455143,11.608480170858158,-20.527707386204415,0.25300279254630437
177,"['2022-04-01', '2022-06-30']",ema,sma,72,4,"[30, 70]",0.75,3.0880984664818145,11.481670673117906,-19.017383180791494,0.2689589829215356
178,"['2022-04-01', '2022-06-30']",ema,sma,72,4,"[40, 60]",1.0,4.9277209654317256,11.735616264203113,-18.198856077040315,0.41989452061947885
179,"['2022-04-01', '2022-06-30']",ema,sma,72,4,"[40, 60]",0.75,4.986969289640908,11.71277319406352,-17.892427625528708,0.4257718652119461
180,"['2022-04-01', '2022-06-30']",ema,sma,84,2,"[20, 80]",1.0,1.1364653600766106,11.611767324788918,-20.64032351498248,0.09787186810490707
181,"['2022-04-01', '2022-06-30']",ema,sma,84,2,"[20, 80]",0.75,0.9383659880992434,11.642949885324311,-20.367946971446997,0.08059520974852204
182,"['2022-04-01', '2022-06-30']",ema,sma,84,2,"[30, 70]",1.0,1.067510556516682,11.426359220235723,-20.66156400458219,0.09342525785695188
183,"['2022-04-01', '2022-06-30']",ema,sma,84,2,"[30, 70]",0.75,2.1845803721712853,11.507825700158412,-19.70840836533756,0.1898343291853311
184,"['2022-04-01', '2022-06-30']",ema,sma,84,2,"[40, 60]",1.0,3.012914763087937,11.31322261881649,-18.898237413755954,0.2663179948458512
185,"['2022-04-01', '2022-06-30']",ema,sma,84,2,"[40, 60]",0.75,3.695309633733368,11.63173034222188,-19.866839082052206,0.31769216831994523
186,"['2022-04-01', '2022-06-30']",ema,sma,84,3,"[20, 80]",1.0,2.170227118508672,11.658371891241128,-20.633294270516217,0.1861518176598185
187,"['2022-04-01', '2022-06-30']",ema,sma,84,3,"[20, 80]",0.75,0.848898036254031,11.609945737466916,-20.850888928395797,0.07311817431794866
188,"['2022-04-01', '2022-06-30']",ema,sma,84,3,"[30, 70]",1.0,0.8611864435417838,11.536198044274462,-21.20500797013153,0.07465080265063581
189,"['2022-04-01', '2022-06-30']",ema,sma,84,3,"[30, 70]",0.75,0.30762564729909236,11.553477161259988,-21.0690000877996,0.026626239270251314
190,"['2022-04-01', '2022-06-30']",ema,sma,84,3,"[40, 60]",1.0,3.557870244748451,11.157170413807185,-17.927304979203726,0.31888643023194546
191,"['2022-04-01', '2022-06-30']",ema,sma,84,3,"[40, 60]",0.75,3.1776986852190214,11.346826638429578,-18.52296776090963,0.2800517524835315
192,"['2022-04-01', '2022-06-30']",ema,sma,84,4,"[20, 80]",1.0,2.7068148316439444,11.664825929832254,-20.06847464270999,0.23204931200228118
193,"['2022-04-01', '2022-06-30']",ema,sma,84,4,"[20, 80]",0.75,1.3614392178956436,11.605158956128774,-19.776471868618305,0.1173132761940031
194,"['2022-04-01', '2022-06-30']",ema,sma,84,4,"[30, 70]",1.0,2.128569029965166,11.506528892523928,-20.527987655861473,0.18498793596634944
195,"['2022-04-01', '2022-06-30']",ema,sma,84,4,"[30, 70]",0.75,0.8432954966117068,11.555841409265053,-20.530375677198094,0.07297568967462492
196,"['2022-04-01', '2022-06-30']",ema,sma,84,4,"[40, 60]",1.0,1.973128293068549,11.348728270567994,-18.498339496770168,0.1738633832819574
197,"['2022-04-01', '2022-06-30']",ema,sma,84,4,"[40, 60]",0.75,2.9068399949716106,11.368100858868658,-18.100249649779762,0.25570146069771027
198,"['2022-04-01', '2022-06-30']",ema,sma,96,2,"[20, 80]",1.0,-0.32842843290340484,11.552133118724674,-20.947568951519475,-0.028430111523824138
199,"['2022-04-01', '2022-06-30']",ema,sma,96,2,"[20, 80]",0.75,0.5421291043370857,11.472153458956262,-19.230188466486002,0.04725608895284153
200,"['2022-04-01', '2022-06-30']",ema,sma,96,2,"[30, 70]",1.0,-1.1208615695173174,11.477369442271279,-21.107203594252425,-0.09765840292542748
201,"['2022-04-01', '2022-06-30']",ema,sma,96,2,"[30, 70]",0.75,0.5293751373806499,11.47452465291064,-19.137361094573745,0.04613482069136241
202,"['2022-04-01', '2022-06-30']",ema,sma,96,2,"[40, 60]",1.0,-0.2375137959738205,11.32028906376957,-19.271815732944034,-0.020981248326421287
203,"['2022-04-01', '2022-06-30']",ema,sma,96,2,"[40, 60]",0.75,1.4465625933892667,11.205714466135323,-18.697910844548467,0.12909150931526134
204,"['2022-04-01', '2022-06-30']",ema,sma,96,3,"[20, 80]",1.0,1.656108851434479,11.650133002912996,-21.230961147929737,0.14215364331208802
205,"['2022-04-01', '2022-06-30']",ema,sma,96,3,"[20, 80]",0.75,0.7278325968954391,11.57494773033897,-20.122724365340922,0.06287998994481202
206,"['2022-04-01', '2022-06-30']",ema,sma,96,3,"[30, 70]",1.0,0.9249586123039055,11.555675501459342,-21.50091436742791,0.08004366444757768
207,"['2022-04-01', '2022-06-30']",ema,sma,96,3,"[30, 70]",0.75,0.24693658190455547,11.510432994007465,-20.148875557972804,0.02145328347188286
208,"['2022-04-01', '2022-06-30']",ema,sma,96,3,"[40, 60]",1.0,2.313125880989886,11.199288555278148,-18.345563841418453,0.20654221646068094
209,"['2022-04-01', '2022-06-30']",ema,sma,96,3,"[40, 60]",0.75,2.74811712412244,11.274653700717906,-17.915278372188435,0.24374292967840383
210,"['2022-04-01', '2022-06-30']",ema,sma,96,4,"[20, 80]",1.0,1.9897556137810746,11.636669379801285,-21.097301175899553,0.17099013032327406
211,"['2022-04-01', '2022-06-30']",ema,sma,96,4,"[20, 80]",0.75,1.4026093646290816,11.554851180866715,-19.712682791930035,0.12138705576335027
212,"['2022-04-01', '2022-06-30']",ema,sma,96,4,"[30, 70]",1.0,1.93657538168448,11.464822123973347,-20.806291600517053,0.16891455975012754
213,"['2022-04-01', '2022-06-30']",ema,sma,96,4,"[30, 70]",0.75,1.5963098756682337,11.403243249097393,-19.533812382227723,0.13998735629835724
214,"['2022-04-01', '2022-06-30']",ema,sma,96,4,"[40, 60]",1.0,4.034889981885037,11.235950305978557,-18.03096407736642,0.3591053602059903
215,"['2022-04-01', '2022-06-30']",ema,sma,96,4,"[40, 60]",0.75,2.8815437788500153,11.260828352369344,-17.920655504532878,0.2558909246000292
216,"['2022-04-01', '2022-06-30']",ema,ema,60,2,"[20, 80]",1.0,4.121822214543158,11.838174216240745,-20.57943111530144,0.3481805673115071
217,"['2022-04-01', '2022-06-30']",ema,ema,60,2,"[20, 80]",0.75,3.20203886458712,11.469211104373786,-19.54998262143486,0.27918562449042567
218,"['2022-04-01', '2022-06-30']",ema,ema,60,2,"[30, 70]",1.0,3.4976553736812077,11.580649064217805,-20.219742815964416,0.3020258496985592
219,"['2022-04-01', '2022-06-30']",ema,ema,60,2,"[30, 70]",0.75,3.122409448863084,11.399363870161915,-19.432369751701376,0.27391085015156497
220,"['2022-04-01', '2022-06-30']",ema,ema,60,2,"[40, 60]",1.0,4.546203506498481,11.237043448546444,-17.249235053982325,0.4045729223452055
221,"['2022-04-01', '2022-06-30']",ema,ema,60,2,"[40, 60]",0.75,4.4127753369346046,11.169288861069573,-16.412167234387013,0.39508113648267096
222,"['2022-04-01', '2022-06-30']",ema,ema,60,3,"[20, 80]",1.0,4.8801492627723375,11.79614006252384,-20.289920742546453,0.4137073006005158
223,"['2022-04-01', '2022-06-30']",ema,ema,60,3,"[20, 80]",0.75,4.303420113219092,11.420797913847881,-18.873723885924736,0.3768055564665174
224,"['2022-04-01', '2022-06-30']",ema,ema,60,3,"[30, 70]",1.0,5.075992162595377,11.518307092491911,-19.64809499987815,0.44068908059450074
225,"['2022-04-01', '2022-06-30']",ema,ema,60,3,"[30, 70]",0.75,5.213992616442442,11.28010936383983,-17.958820005044057,0.4622289064994988
226,"['2022-04-01', '2022-06-30']",ema,ema,60,3,"[40, 60]",1.0,5.17217111941024,11.468266918466533,-17.42815898161233,0.4509984949061363
227,"['2022-04-01', '2022-06-30']",ema,ema,60,3,"[40, 60]",0.75,6.1316432236266705,11.467704014055451,-15.877641002951428,0.5346879563783117
228,"['2022-04-01', '2022-06-30']",ema,ema,60,4,"[20, 80]",1.0,4.624292538165675,11.889107583793363,-20.39812345613422,0.3889520307200584
229,"['2022-04-01', '2022-06-30']",ema,ema,60,4,"[20, 80]",0.75,3.4801789143667827,11.420224830604427,-19.179176676996153,0.3047382136506143
230,"['2022-04-01', '2022-06-30']",ema,ema,60,4,"[30, 70]",1.0,3.9198412414677586,11.673672837572937,-20.400911068394013,0.335784743671361
231,"['2022-04-01', '2022-06-30']",ema,ema,60,4,"[30, 70]",0.75,3.5913914579569495,11.396548543228203,-18.731771290706252,0.3151297468996387
232,"['2022-04-01', '2022-06-30']",ema,ema,60,4,"[40, 60]",1.0,8.001321228618853,11.733247573711903,-18.687139880856954,0.6819357708385567
233,"['2022-04-01', '2022-06-30']",ema,ema,60,4,"[40, 60]",0.75,8.772470679488187,11.600145862275799,-16.972207223182252,0.7562379631808476
234,"['2022-04-01', '2022-06-30']",ema,ema,72,2,"[20, 80]",1.0,2.076045027541684,11.724750884520354,-20.9957448783686,0.17706517161764096
235,"['2022-04-01', '2022-06-30']",ema,ema,72,2,"[20, 80]",0.75,0.23037244356136632,11.628857513580146,-20.899841567265796,0.019810410721116677
236,"['2022-04-01', '2022-06-30']",ema,ema,72,2,"[30, 70]",1.0,1.1862443582361104,11.62785306186043,-21.339823185131305,0.10201748783075128
237,"['2022-04-01', '2022-06-30']",ema,ema,72,2,"[30, 70]",0.75,0.28872170663096774,11.563954079158986,-20.871207972105903,0.024967386125418243
238,"['2022-04-01', '2022-06-30']",ema,ema,72,2,"[40, 60]",1.0,2.358414851007695,11.078525973129965,-18.702553263282415,0.21288164659520883
239,"['2022-04-01', '2022-06-30']",ema,ema,72,2,"[40, 60]",0.75,3.6323309770251333,11.177942956503902,-17.63881997937681,0.3249552257655472
240,"['2022-04-01', '2022-06-30']",ema,ema,72,3,"[20, 80]",1.0,2.823842747213723,11.696366335270728,-20.585631951604846,0.24142906149393972
241,"['2022-04-01', '2022-06-30']",ema,ema,72,3,"[20, 80]",0.75,1.8127505212401696,11.583626826955706,-20.018960325674648,0.15649248273621905
242,"['2022-04-01', '2022-06-30']",ema,ema,72,3,"[30, 70]",1.0,2.671002191929084,11.509540012925065,-20.640365576281955,0.23206854391483786
243,"['2022-04-01', '2022-06-30']",ema,ema,72,3,"[30, 70]",0.75,2.7536032735436367,11.47681346706944,-19.553120242269486,0.23992750962142792
244,"['2022-04-01', '2022-06-30']",ema,ema,72,3,"[40, 60]",1.0,5.060750470159214,11.276858737360545,-18.40225424518909,0.4487730659773903
245,"['2022-04-01', '2022-06-30']",ema,ema,72,3,"[40, 60]",0.75,5.586117130840673,11.316124199371105,-17.2470538591337,0.4936422605852207
246,"['2022-04-01', '2022-06-30']",ema,ema,72,4,"[20, 80]",1.0,3.957941553623434,11.678310285248061,-20.20990264096495,0.338913888820292
247,"['2022-04-01', '2022-06-30']",ema,ema,72,4,"[20, 80]",0.75,4.830612683348212,11.499414742215828,-18.18469176362707,0.4200746552443589
248,"['2022-04-01', '2022-06-30']",ema,ema,72,4,"[30, 70]",1.0,3.590559963564477,11.586256619249518,-20.452145838456424,0.30989819072357555
249,"['2022-04-01', '2022-06-30']",ema,ema,72,4,"[30, 70]",0.75,4.112124260202044,11.439275268407027,-18.871721846032685,0.35947419427513055
250,"['2022-04-01', '2022-06-30']",ema,ema,72,4,"[40, 60]",1.0,3.6257555333794045,11.591586832597427,-18.55198523184124,0.31279199179038975
251,"['2022-04-01', '2022-06-30']",ema,ema,72,4,"[40, 60]",0.75,3.4472739039860256,11.640420861507407,-18.39626885603584,0.2961468442593417
252,"['2022-04-01', '2022-06-30']",ema,ema,84,2,"[20, 80]",1.0,1.6405875308326268,11.701454397999315,-20.81738371786975,0.14020372810350226
253,"['2022-04-01', '2022-06-30']",ema,ema,84,2,"[20, 80]",0.75,-0.2091755957919661,11.69394164486823,-21.021210189170613,-0.017887518353040588
254,"['2022-04-01', '2022-06-30']",ema,ema,84,2,"[30, 70]",1.0,1.5531615620721473,11.542320076017393,-20.919099804385333,0.13456233684762414
255,"['2022-04-01', '2022-06-30']",ema,ema,84,2,"[30, 70]",0.75,0.9640237737654767,11.598212017094353,-20.395747241919366,0.08311830930014238
256,"['2022-04-01', '2022-06-30']",ema,ema,84,2,"[40, 60]",1.0,2.6169620722043208,11.076410950401295,-18.40650836890135,0.23626444377359518
257,"['2022-04-01', '2022-06-30']",ema,ema,84,2,"[40, 60]",0.75,1.8572610071855067,11.170943804203793,-18.843696954358684,0.1662581998207342
258,"['2022-04-01', '2022-06-30']",ema,ema,84,3,"[20, 80]",1.0,3.2548181674463494,11.619276281200078,-19.958623245602976,0.28012228031040337
259,"['2022-04-01', '2022-06-30']",ema,ema,84,3,"[20, 80]",0.75,1.0957555786744733,11.589436340416297,-19.91832523088985,0.09454778873526418
260,"['2022-04-01', '2022-06-30']",ema,ema,84,3,"[30, 70]",1.0,1.2792267298823212,11.528453807658455,-20.903951573014407,0.11096255848572854
261,"['2022-04-01', '2022-06-30']",ema,ema,84,3,"[30, 70]",0.75,-0.3094215497506436,11.533506079529888,-20.79036975013791,-0.026828056240401774
262,"['2022-04-01', '2022-06-30']",ema,ema,84,3,"[40, 60]",1.0,4.4572490706203505,11.140696014939255,-17.29365908303027,0.40008712782786165
263,"['2022-04-01', '2022-06-30']",ema,ema,84,3,"[40, 60]",0.75,3.286162684544691,11.345457308154952,-18.58462339684617,0.2896456789082133
264,"['2022-04-01', '2022-06-30']",ema,ema,84,4,"[20, 80]",1.0,3.4230053781296066,11.610338053746293,-19.71636003559957,0.294823920051588
265,"['2022-04-01', '2022-06-30']",ema,ema,84,4,"[20, 80]",0.75,2.343444875682632,11.533953605496002,-19.15670870880664,0.20317793497677722
266,"['2022-04-01', '2022-06-30']",ema,ema,84,4,"[30, 70]",1.0,2.2753852952450915,11.462157615726358,-20.510696393865583,0.19851282555417032
267,"['2022-04-01', '2022-06-30']",ema,ema,84,4,"[30, 70]",0.75,0.8309682112853434,11.514497357559733,-20.638281783421316,0.07216712857550653
268,"['2022-04-01', '2022-06-30']",ema,ema,84,4,"[40, 60]",1.0,2.159846222410744,11.264773644056197,-18.139931614641235,0.19173454262442072
269,"['2022-04-01', '2022-06-30']",ema,ema,84,4,"[40, 60]",0.75,2.4193033079343618,11.34697624124104,-18.15315690515997,0.21321127818539948
270,"['2022-04-01', '2022-06-30']",ema,ema,96,2,"[20, 80]",1.0,1.524080005534545,11.688396433360145,-21.119712419106605,0.13039256618509534
271,"['2022-04-01', '2022-06-30']",ema,ema,96,2,"[20, 80]",0.75,0.6551726857373597,11.685108601948393,-19.961290751178375,0.056069028372411976
272,"['2022-04-01', '2022-06-30']",ema,ema,96,2,"[30, 70]",1.0,0.7853951035381002,11.633147858317036,-21.359436375824867,0.06751354947978139
273,"['2022-04-01', '2022-06-30']",ema,ema,96,2,"[30, 70]",0.75,0.5793492254482224,11.650808888731735,-19.995278297063145,0.049726094641252695
274,"['2022-04-01', '2022-06-30']",ema,ema,96,2,"[40, 60]",1.0,2.2332092419259597,11.336311956636681,-18.90936645380019,0.19699609983108832
275,"['2022-04-01', '2022-06-30']",ema,ema,96,2,"[40, 60]",0.75,1.8665645329445146,11.273090684826483,-18.391053443189293,0.16557699970043707
276,"['2022-04-01', '2022-06-30']",ema,ema,96,3,"[20, 80]",1.0,1.8795881735264253,11.692020357140812,-21.092437775444118,0.16075820227070348
277,"['2022-04-01', '2022-06-30']",ema,ema,96,3,"[20, 80]",0.75,0.32675376105639753,11.667436374875008,-20.248746743800343,0.02800561756308682
278,"['2022-04-01', '2022-06-30']",ema,ema,96,3,"[30, 70]",1.0,1.3722758726565143,11.588332133349795,-21.336594150994127,0.11841875576790495
279,"['2022-04-01', '2022-06-30']",ema,ema,96,3,"[30, 70]",0.75,0.12159223502554717,11.61188210440683,-20.250085614416072,0.01047136320643504
280,"['2022-04-01', '2022-06-30']",ema,ema,96,3,"[40, 60]",1.0,2.637793368120178,11.17128219203831,-18.13575689799834,0.2361227048762687
281,"['2022-04-01', '2022-06-30']",ema,ema,96,3,"[40, 60]",0.75,2.9490691261768287,11.25005975024497,-17.515093696826646,0.26213808563217744
282,"['2022-04-01', '2022-06-30']",ema,ema,96,4,"[20, 80]",1.0,2.798414765567281,11.643011345462229,-20.697210277874802,0.24035145913157085
283,"['2022-04-01', '2022-06-30']",ema,ema,96,4,"[20, 80]",0.75,1.8795156754384257,11.563118371898442,-19.33587734273277,0.16254401407895
284,"['2022-04-01', '2022-06-30']",ema,ema,96,4,"[30, 70]",1.0,2.5715261017266178,11.471470893017845,-20.462561519148498,0.22416707723957066
285,"['2022-04-01', '2022-06-30']",ema,ema,96,4,"[30, 70]",0.75,2.0720834463621607,11.435694608828944,-19.076083126859288,0.18119436704460484
286,"['2022-04-01', '2022-06-30']",ema,ema,96,4,"[40, 60]",1.0,4.469255331968003,11.253804256092092,-17.455902747059017,0.39713284772557095
287,"['2022-04-01', '2022-06-30']",ema,ema,96,4,"[40, 60]",0.75,3.0009470259545257,11.290782065297417,-17.85209835074181,0.2657873483518943
288,"['2022-07-01', '2022-07-29']",sma,sma,60,2,"[20, 80]",1.0,0.041546903460076834,3.894696797280657,-4.392657864521354,0.010667557867170965
289,"['2022-07-01', '2022-07-29']",sma,sma,60,2,"[20, 80]",0.75,0.2537175748217324,3.8797039157086997,-4.3089651226545165,0.06539611793426928
290,"['2022-07-01', '2022-07-29']",sma,sma,60,2,"[30, 70]",1.0,-0.10602797877083958,3.864056633548333,-4.562449138650501,-0.027439550924354572
291,"['2022-07-01', '2022-07-29']",sma,sma,60,2,"[30, 70]",0.75,0.25779943780148695,3.854046890420526,-4.314249126452256,0.0668905815448856
292,"['2022-07-01', '2022-07-29']",sma,sma,60,2,"[40, 60]",1.0,-1.6251886661016623,3.697109087610051,-4.669935214119867,-0.4395836388891205
293,"['2022-07-01', '2022-07-29']",sma,sma,60,2,"[40, 60]",0.75,-0.939925870364855,3.766903157688231,-4.61415667645557,-0.24952217538337051
294,"['2022-07-01', '2022-07-29']",sma,sma,60,3,"[20, 80]",1.0,-0.24322683314904614,3.9177475001487765,-4.603257588330383,-0.062083335676893316
295,"['2022-07-01', '2022-07-29']",sma,sma,60,3,"[20, 80]",0.75,-0.39167709457236244,3.8886103256626163,-4.690076767835426,-0.10072418210369817
296,"['2022-07-01', '2022-07-29']",sma,sma,60,3,"[30, 70]",1.0,-0.6277906527454857,3.8911616886615463,-4.751285024055479,-0.1613375909242745
297,"['2022-07-01', '2022-07-29']",sma,sma,60,3,"[30, 70]",0.75,-0.4241332833618827,3.873745621243082,-4.602307453746389,-0.10948919336261907
298,"['2022-07-01', '2022-07-29']",sma,sma,60,3,"[40, 60]",1.0,-0.21894847390931949,3.8265016276906345,-4.616973935250936,-0.057218967927490205
299,"['2022-07-01', '2022-07-29']",sma,sma,60,3,"[40, 60]",0.75,0.04210493445115926,3.882449455606644,-4.551564823694565,0.010844940786120355
300,"['2022-07-01', '2022-07-29']",sma,sma,60,4,"[20, 80]",1.0,-0.3016535784896024,3.933479716463393,-4.5977760830864325,-0.07668873369984486
301,"['2022-07-01', '2022-07-29']",sma,sma,60,4,"[20, 80]",0.75,-0.5804560257454239,3.902278635965876,-4.714732302079164,-0.14874797006948012
302,"['2022-07-01', '2022-07-29']",sma,sma,60,4,"[30, 70]",1.0,-0.8132719070133576,3.8778635417960485,-5.062156141911633,-0.20972164137490185
303,"['2022-07-01', '2022-07-29']",sma,sma,60,4,"[30, 70]",0.75,-0.6646968382293172,3.871014325795439,-4.9192728206311855,-0.1717112834741916
304,"['2022-07-01', '2022-07-29']",sma,sma,60,4,"[40, 60]",1.0,-0.037484840839618894,3.8643288821191204,-4.703066333229739,-0.009700220137335453
305,"['2022-07-01', '2022-07-29']",sma,sma,60,4,"[40, 60]",0.75,0.11519090960476763,3.8599667304927747,-4.271856390313598,0.029842461774291517
306,"['2022-07-01', '2022-07-29']",sma,sma,72,2,"[20, 80]",1.0,-0.37711533423393506,3.963552120991567,-4.321618392454448,-0.0951457992028604
307,"['2022-07-01', '2022-07-29']",sma,sma,72,2,"[20, 80]",0.75,-0.044055263424913615,3.983152105220738,-4.676989238395529,-0.011060401978415575
308,"['2022-07-01', '2022-07-29']",sma,sma,72,2,"[30, 70]",1.0,-0.5363410193915619,3.9564737645480887,-4.532771837018804,-0.1355603629164525
309,"['2022-07-01', '2022-07-29']",sma,sma,72,2,"[30, 70]",0.75,-0.11347865054706086,3.972757285432342,-4.817758249079458,-0.028564204252591624
310,"['2022-07-01', '2022-07-29']",sma,sma,72,2,"[40, 60]",1.0,-1.5408355589615508,3.9749066073498875,-5.099961066393436,-0.3876406947807114
311,"['2022-07-01', '2022-07-29']",sma,sma,72,2,"[40, 60]",0.75,-1.1291318214231572,4.048042033108185,-5.613135319069458,-0.2789328302888649
312,"['2022-07-01', '2022-07-29']",sma,sma,72,3,"[20, 80]",1.0,-0.3812161298816341,3.91815060680552,-4.609000767009584,-0.0972949149069185
313,"['2022-07-01', '2022-07-29']",sma,sma,72,3,"[20, 80]",0.75,-0.25857592074723934,3.9023862805621623,-4.849938034708567,-0.06626097524871113
314,"['2022-07-01', '2022-07-29']",sma,sma,72,3,"[30, 70]",1.0,-0.3635924532531698,3.855026804510249,-4.6528775812858445,-0.09431645269697712
315,"['2022-07-01', '2022-07-29']",sma,sma,72,3,"[30, 70]",0.75,0.29406664428694995,3.9064771988579867,-4.6098197859984875,0.07527668262671978
316,"['2022-07-01', '2022-07-29']",sma,sma,72,3,"[40, 60]",1.0,-0.10380532713055723,3.8607193753887596,-4.973463738534789,-0.026887560850004655
317,"['2022-07-01', '2022-07-29']",sma,sma,72,3,"[40, 60]",0.75,0.9480466369668372,4.107978309607063,-4.585537905694751,0.23078180202405207
318,"['2022-07-01', '2022-07-29']",sma,sma,72,4,"[20, 80]",1.0,-0.5398687620589593,3.9016859351465807,-4.490995083639796,-0.1383680724262798
319,"['2022-07-01', '2022-07-29']",sma,sma,72,4,"[20, 80]",0.75,-0.5384422425717572,3.8911120332059803,-4.854184223674059,-0.13837747101003456
320,"['2022-07-01', '2022-07-29']",sma,sma,72,4,"[30, 70]",1.0,-1.3499449662860319,3.844443053430845,-4.825326379112012,-0.35114188128793283
321,"['2022-07-01', '2022-07-29']",sma,sma,72,4,"[30, 70]",0.75,-0.5400723459733525,3.896645274253908,-4.843533214580038,-0.13859930990940927
322,"['2022-07-01', '2022-07-29']",sma,sma,72,4,"[40, 60]",1.0,-0.8727376861852543,3.90290661124464,-4.948342330322488,-0.223612239060708
323,"['2022-07-01', '2022-07-29']",sma,sma,72,4,"[40, 60]",0.75,-0.1081000026529999,3.9778800630115922,-4.866320782897484,-0.027175279530966816
324,"['2022-07-01', '2022-07-29']",sma,sma,84,2,"[20, 80]",1.0,-0.5034477172314089,3.9441715912792823,-4.321171652800172,-0.12764346215173586
325,"['2022-07-01', '2022-07-29']",sma,sma,84,2,"[20, 80]",0.75,-0.38344261616862774,3.895219251278352,-4.8667157352613435,-0.09843928966072646
326,"['2022-07-01', '2022-07-29']",sma,sma,84,2,"[30, 70]",1.0,-0.5002435286017959,3.938490257775139,-4.535939994551603,-0.12701403224604763
327,"['2022-07-01', '2022-07-29']",sma,sma,84,2,"[30, 70]",0.75,-0.3753292676734743,3.9196355545156476,-4.938130057063869,-0.09575616468757489
328,"['2022-07-01', '2022-07-29']",sma,sma,84,2,"[40, 60]",1.0,-0.4647080813631299,3.947357443027291,-4.808914123067466,-0.11772637468745113
329,"['2022-07-01', '2022-07-29']",sma,sma,84,2,"[40, 60]",0.75,-0.20929327978064238,3.936584564281895,-4.797100128298249,-0.05316620953088082
330,"['2022-07-01', '2022-07-29']",sma,sma,84,3,"[20, 80]",1.0,-0.14322250505770517,3.956528477728225,-4.415718373428924,-0.036199033032094145
331,"['2022-07-01', '2022-07-29']",sma,sma,84,3,"[20, 80]",0.75,-0.3606819849217513,3.8791354354709373,-4.832509856549734,-0.09297999281583824
332,"['2022-07-01', '2022-07-29']",sma,sma,84,3,"[30, 70]",1.0,-0.22022713641526304,3.901038957502566,-4.586271774010153,-0.05645345735184655
333,"['2022-07-01', '2022-07-29']",sma,sma,84,3,"[30, 70]",0.75,-0.6656552552970596,3.8464524896801273,-4.947090504406399,-0.17305692897104152
334,"['2022-07-01', '2022-07-29']",sma,sma,84,3,"[40, 60]",1.0,-0.4307052987106763,3.8245306990401713,-4.576267479764358,-0.11261650973772255
335,"['2022-07-01', '2022-07-29']",sma,sma,84,3,"[40, 60]",0.75,-0.41914029379984674,3.857457932868264,-4.693949783104866,-0.1086571262977298
336,"['2022-07-01', '2022-07-29']",sma,sma,84,4,"[20, 80]",1.0,-0.3198258888887584,3.9154872514345427,-4.354702226045753,-0.08168227051986485
337,"['2022-07-01', '2022-07-29']",sma,sma,84,4,"[20, 80]",0.75,-0.670720533489555,3.8250627633045515,-4.8511230215753764,-0.17534889621264815
338,"['2022-07-01', '2022-07-29']",sma,sma,84,4,"[30, 70]",1.0,-0.4062354470999785,3.8461252069711467,-4.447309956442809,-0.10562200272723103
339,"['2022-07-01', '2022-07-29']",sma,sma,84,4,"[30, 70]",0.75,-0.41752568873894,3.8267598203284257,-4.6757243378726,-0.10910684452182487
340,"['2022-07-01', '2022-07-29']",sma,sma,84,4,"[40, 60]",1.0,0.43304066950307085,3.8977832927996636,-4.350872205488246,0.11109921639384687
341,"['2022-07-01', '2022-07-29']",sma,sma,84,4,"[40, 60]",0.75,0.804834310737168,3.980732933561738,-4.243178794799888,0.20218244332634674
342,"['2022-07-01', '2022-07-29']",sma,sma,96,2,"[20, 80]",1.0,-0.9447248766996874,3.8681715755562647,-4.488305350967887,-0.24423034455596265
343,"['2022-07-01', '2022-07-29']",sma,sma,96,2,"[20, 80]",0.75,-1.6087482054718771,3.861962955187664,-5.054798484652221,-0.4165623088929146
344,"['2022-07-01', '2022-07-29']",sma,sma,96,2,"[30, 70]",1.0,-1.0491364019046379,3.8518238542450574,-4.69425366711478,-0.27237393027419854
345,"['2022-07-01', '2022-07-29']",sma,sma,96,2,"[30, 70]",0.75,-1.7702292449380042,3.8517237493548384,-5.222004508210517,-0.4595940311748776
346,"['2022-07-01', '2022-07-29']",sma,sma,96,2,"[40, 60]",1.0,-2.158841683754875,3.9020806708490388,-5.692789057195409,-0.5532539857217101
347,"['2022-07-01', '2022-07-29']",sma,sma,96,2,"[40, 60]",0.75,-3.1323238370323137,3.8882468771387986,-5.989161776085912,-0.8055876944051614
348,"['2022-07-01', '2022-07-29']",sma,sma,96,3,"[20, 80]",1.0,-0.17513584797436144,3.9108712824415104,-4.350128995061904,-0.04478179805115606
349,"['2022-07-01', '2022-07-29']",sma,sma,96,3,"[20, 80]",0.75,-0.8810946994716851,3.893032288709615,-4.907694031950728,-0.22632607030437263
350,"['2022-07-01', '2022-07-29']",sma,sma,96,3,"[30, 70]",1.0,-0.17881453391684898,3.891354787234876,-4.421772596605429,-0.04595174269471102
351,"['2022-07-01', '2022-07-29']",sma,sma,96,3,"[30, 70]",0.75,-0.873408964242961,3.886107196087347,-4.945291042331658,-0.2247516396671549
352,"['2022-07-01', '2022-07-29']",sma,sma,96,3,"[40, 60]",1.0,-2.0418498692675424,3.850564373165888,-5.4893909686677445,-0.5302728824628785
353,"['2022-07-01', '2022-07-29']",sma,sma,96,3,"[40, 60]",0.75,-2.967321795814515,3.7853034941079797,-5.889731840224313,-0.7839059141316685
354,"['2022-07-01', '2022-07-29']",sma,sma,96,4,"[20, 80]",1.0,-0.23698092737808318,3.895299582683942,-4.441223318192304,-0.06083766404811371
355,"['2022-07-01', '2022-07-29']",sma,sma,96,4,"[20, 80]",0.75,-1.0338864720364827,3.8625013392880834,-5.016148405859445,-0.2676727802059593
356,"['2022-07-01', '2022-07-29']",sma,sma,96,4,"[30, 70]",1.0,-0.33882538126576156,3.8402898388029585,-4.5620159749136455,-0.08822911693857344
357,"['2022-07-01', '2022-07-29']",sma,sma,96,4,"[30, 70]",0.75,-1.1124618069229597,3.8661819754918128,-5.018769265662872,-0.28774170848009417
358,"['2022-07-01', '2022-07-29']",sma,sma,96,4,"[40, 60]",1.0,0.10624987922120965,3.7816821904351388,-4.7804977484216495,0.028095930295238273
359,"['2022-07-01', '2022-07-29']",sma,sma,96,4,"[40, 60]",0.75,-0.43134386626711985,3.9082298849974615,-4.821093215568513,-0.11036808963641606
360,"['2022-07-01', '2022-07-29']",sma,ema,60,2,"[20, 80]",1.0,0.09805627948051843,3.920628216238533,-4.488492672189599,0.025010348870721035
361,"['2022-07-01', '2022-07-29']",sma,ema,60,2,"[20, 80]",0.75,-0.38897606346440794,3.8795427372975073,-4.718636505133306,-0.10026337890928068
362,"['2022-07-01', '2022-07-29']",sma,ema,60,2,"[30, 70]",1.0,-0.07696686825248156,3.8841045303150454,-4.6282047710892185,-0.019815859138641322
363,"['2022-07-01', '2022-07-29']",sma,ema,60,2,"[30, 70]",0.75,-0.45821848932735554,3.8410411024934374,-4.697076390322157,-0.11929538817741366
364,"['2022-07-01', '2022-07-29']",sma,ema,60,2,"[40, 60]",1.0,-1.3478537578749616,3.7365464809789692,-4.609740949848236,-0.36072179611206817
365,"['2022-07-01', '2022-07-29']",sma,ema,60,2,"[40, 60]",0.75,-1.1909675386848395,3.7784356779488646,-4.6399698314599185,-0.31520122087439106
366,"['2022-07-01', '2022-07-29']",sma,ema,60,3,"[20, 80]",1.0,-0.1818912097632852,3.9349253975226905,-4.446928724236114,-0.046224817852404114
367,"['2022-07-01', '2022-07-29']",sma,ema,60,3,"[20, 80]",0.75,-0.5097339497195597,3.909947726034598,-4.648021535830927,-0.1303684819941373
368,"['2022-07-01', '2022-07-29']",sma,ema,60,3,"[30, 70]",1.0,-0.4767522397105983,3.9004517309260827,-4.563553405903337,-0.12223000631708965
369,"['2022-07-01', '2022-07-29']",sma,ema,60,3,"[30, 70]",0.75,-0.42994335609565226,3.888720951305913,-4.509163030716025,-0.11056163748423975
370,"['2022-07-01', '2022-07-29']",sma,ema,60,3,"[40, 60]",1.0,0.034420391693079644,3.8541496371034523,-4.440534582794359,0.008930735683357626
371,"['2022-07-01', '2022-07-29']",sma,ema,60,3,"[40, 60]",0.75,0.23138780492244493,3.9131629005535853,-4.458881534219518,0.05913063442610863
372,"['2022-07-01', '2022-07-29']",sma,ema,60,4,"[20, 80]",1.0,-0.3046308789779406,3.941936726586527,-4.559282593188235,-0.0772794948542292
373,"['2022-07-01', '2022-07-29']",sma,ema,60,4,"[20, 80]",0.75,-0.6237855981958806,3.91950614138453,-4.786376653841205,-0.15914902941714337
374,"['2022-07-01', '2022-07-29']",sma,ema,60,4,"[30, 70]",1.0,-0.7686274469784649,3.8855426126763937,-4.986550931798881,-0.19781727382704675
375,"['2022-07-01', '2022-07-29']",sma,ema,60,4,"[30, 70]",0.75,-0.7286401775304263,3.872841096147697,-4.938003044027661,-0.18814099505791818
376,"['2022-07-01', '2022-07-29']",sma,ema,60,4,"[40, 60]",1.0,0.020674048498880992,3.882783795288204,-4.604769657425692,0.005324542799413439
377,"['2022-07-01', '2022-07-29']",sma,ema,60,4,"[40, 60]",0.75,0.17805140584987722,3.869053528013211,-4.246860262953452,0.04601936999856086
378,"['2022-07-01', '2022-07-29']",sma,ema,72,2,"[20, 80]",1.0,-0.2643975213027172,3.9419136343909478,-4.440856963870336,-0.0670733927288512
379,"['2022-07-01', '2022-07-29']",sma,ema,72,2,"[20, 80]",0.75,-0.29568913055659785,3.916135366418674,-4.818182462921196,-0.07550533954780196
380,"['2022-07-01', '2022-07-29']",sma,ema,72,2,"[30, 70]",1.0,-0.3791266316107711,3.9272789164613844,-4.603611459112344,-0.09653672165265446
381,"['2022-07-01', '2022-07-29']",sma,ema,72,2,"[30, 70]",0.75,-0.32434744615258415,3.8977693129088427,-4.920050076584614,-0.08321360760843204
382,"['2022-07-01', '2022-07-29']",sma,ema,72,2,"[40, 60]",1.0,-1.4123115112780305,3.8887499403227936,-4.999244996869301,-0.36317879343015785
383,"['2022-07-01', '2022-07-29']",sma,ema,72,2,"[40, 60]",0.75,-1.4182296207570722,3.942324427712323,-5.65079488208779,-0.35974452299960796
384,"['2022-07-01', '2022-07-29']",sma,ema,72,3,"[20, 80]",1.0,-0.2616207073521615,3.920761158029371,-4.453480367348889,-0.06672701978195879
385,"['2022-07-01', '2022-07-29']",sma,ema,72,3,"[20, 80]",0.75,-0.37193557914307895,3.8841938444981636,-4.82056063269051,-0.09575618365955495
386,"['2022-07-01', '2022-07-29']",sma,ema,72,3,"[30, 70]",1.0,-0.37535141199411814,3.854243186932456,-4.528030405780757,-0.09738654096003102
387,"['2022-07-01', '2022-07-29']",sma,ema,72,3,"[30, 70]",0.75,0.010382468207237316,3.875303182538661,-4.615263279706181,0.002679137016690368
388,"['2022-07-01', '2022-07-29']",sma,ema,72,3,"[40, 60]",1.0,-0.4461996349851671,3.7905246471975165,-4.834417390232599,-0.11771447926477935
389,"['2022-07-01', '2022-07-29']",sma,ema,72,3,"[40, 60]",0.75,0.43314907513145595,3.986243673512888,-4.5995208060275985,0.10866096270269954
390,"['2022-07-01', '2022-07-29']",sma,ema,72,4,"[20, 80]",1.0,-0.4745307912226493,3.9143949254110786,-4.4593074770270515,-0.1212271117924606
391,"['2022-07-01', '2022-07-29']",sma,ema,72,4,"[20, 80]",0.75,-0.6305432544148393,3.8891412248281485,-4.849197835709389,-0.16212917401648264
392,"['2022-07-01', '2022-07-29']",sma,ema,72,4,"[30, 70]",1.0,-1.2921499490772037,3.8524579303908464,-4.844836075360743,-0.3354092302692869
393,"['2022-07-01', '2022-07-29']",sma,ema,72,4,"[30, 70]",0.75,-0.6089188232706322,3.878738176250196,-4.879636233237339,-0.1569888957700439
394,"['2022-07-01', '2022-07-29']",sma,ema,72,4,"[40, 60]",1.0,-0.6146461479221155,3.918064798086076,-4.922477020434647,-0.15687493178325232
395,"['2022-07-01', '2022-07-29']",sma,ema,72,4,"[40, 60]",0.75,0.17232042880135356,3.9823267725071965,-4.81508316054822,0.04327129305184163
396,"['2022-07-01', '2022-07-29']",sma,ema,84,2,"[20, 80]",1.0,-0.5092833519685813,3.9420341880985412,-4.371359720033519,-0.12919303275100122
397,"['2022-07-01', '2022-07-29']",sma,ema,84,2,"[20, 80]",0.75,-0.8278962162995618,3.848687472667492,-4.85934689744817,-0.21511131318900106
398,"['2022-07-01', '2022-07-29']",sma,ema,84,2,"[30, 70]",1.0,-0.5355959911582775,3.9310076699766605,-4.604060398130815,-0.1362490323407223
399,"['2022-07-01', '2022-07-29']",sma,ema,84,2,"[30, 70]",0.75,-0.8926458124217551,3.8640050172953737,-5.01101292678045,-0.2310156970361716
400,"['2022-07-01', '2022-07-29']",sma,ema,84,2,"[40, 60]",1.0,-0.48085376784087197,3.9157219052401375,-4.816813016737749,-0.12280079624586693
401,"['2022-07-01', '2022-07-29']",sma,ema,84,2,"[40, 60]",0.75,-0.4199800134467191,3.883857686674234,-5.009322121755583,-0.10813475861582096
402,"['2022-07-01', '2022-07-29']",sma,ema,84,3,"[20, 80]",1.0,-0.43523998900920624,3.949480828045811,-4.426949593743268,-0.1102018234696841
403,"['2022-07-01', '2022-07-29']",sma,ema,84,3,"[20, 80]",0.75,-0.7867999764986311,3.851543464161115,-4.889861282588168,-0.204281733756833
404,"['2022-07-01', '2022-07-29']",sma,ema,84,3,"[30, 70]",1.0,-0.6055915327243921,3.9003300809863806,-4.619041285739893,-0.15526673900667404
405,"['2022-07-01', '2022-07-29']",sma,ema,84,3,"[30, 70]",0.75,-1.0736300997606807,3.831041455580587,-4.995873315029928,-0.2802449705149364
406,"['2022-07-01', '2022-07-29']",sma,ema,84,3,"[40, 60]",1.0,-0.9251637960413284,3.828837613515469,-4.613509249404651,-0.2416304605804068
407,"['2022-07-01', '2022-07-29']",sma,ema,84,3,"[40, 60]",0.75,-0.7602692214741524,3.848545586637006,-4.6307364645323235,-0.19754715238763804
408,"['2022-07-01', '2022-07-29']",sma,ema,84,4,"[20, 80]",1.0,-0.4509691651154557,3.9327241386536675,-4.368693747213936,-0.11467093780695253
409,"['2022-07-01', '2022-07-29']",sma,ema,84,4,"[20, 80]",0.75,-1.0084074029845902,3.8340093495203584,-4.930977318281652,-0.2630164172945337
410,"['2022-07-01', '2022-07-29']",sma,ema,84,4,"[30, 70]",1.0,-0.6402741554616287,3.856577008815159,-4.495287990687916,-0.16602135883663777
411,"['2022-07-01', '2022-07-29']",sma,ema,84,4,"[30, 70]",0.75,-0.7572004415598355,3.8340273029372733,-4.743525855477619,-0.19749479639327014
412,"['2022-07-01', '2022-07-29']",sma,ema,84,4,"[40, 60]",1.0,0.050277658015285276,3.893194712625313,-4.469675729756357,0.012914241831326579
413,"['2022-07-01', '2022-07-29']",sma,ema,84,4,"[40, 60]",0.75,0.3264065295701224,3.959641206850724,-4.3584680708042525,0.08243336012500178
414,"['2022-07-01', '2022-07-29']",sma,ema,96,2,"[20, 80]",1.0,-0.253028652867604,3.9064777844576515,-4.341224294433912,-0.0647715581218217
415,"['2022-07-01', '2022-07-29']",sma,ema,96,2,"[20, 80]",0.75,-0.9820468664737736,3.85378211959482,-4.862358311314896,-0.25482677432138384
416,"['2022-07-01', '2022-07-29']",sma,ema,96,2,"[30, 70]",1.0,-0.3018636130963537,3.891510514101928,-4.4346678007997395,-0.07756977965303453
417,"['2022-07-01', '2022-07-29']",sma,ema,96,2,"[30, 70]",0.75,-1.1049676025024047,3.8371618480027876,-4.971661941707274,-0.2879648152129761
418,"['2022-07-01', '2022-07-29']",sma,ema,96,2,"[40, 60]",1.0,-1.3062935771650852,3.8668174942061007,-5.217724993599886,-0.3378213683791356
419,"['2022-07-01', '2022-07-29']",sma,ema,96,2,"[40, 60]",0.75,-2.420595412080362,3.7783603266768724,-5.515383390837321,-0.6406470539588038
420,"['2022-07-01', '2022-07-29']",sma,ema,96,3,"[20, 80]",1.0,-0.2685335745456041,3.9014746374232514,-4.326104163860949,-0.06882873772132439
421,"['2022-07-01', '2022-07-29']",sma,ema,96,3,"[20, 80]",0.75,-1.0613852643848842,3.833198473732203,-4.852773850596486,-0.2768928537507905
422,"['2022-07-01', '2022-07-29']",sma,ema,96,3,"[30, 70]",1.0,-0.3136112076359998,3.8684166035790093,-4.421103127361857,-0.08106965711651913
423,"['2022-07-01', '2022-07-29']",sma,ema,96,3,"[30, 70]",0.75,-1.1117936224443015,3.8151245198739616,-4.86640264708527,-0.29141738799158023
424,"['2022-07-01', '2022-07-29']",sma,ema,96,3,"[40, 60]",1.0,-2.0185795111614,3.8327862678394657,-5.367858453197698,-0.5266611206836925
425,"['2022-07-01', '2022-07-29']",sma,ema,96,3,"[40, 60]",0.75,-2.8947297720819387,3.7615535807369085,-5.774612532765691,-0.7695569689359165
426,"['2022-07-01', '2022-07-29']",sma,ema,96,4,"[20, 80]",1.0,-0.30747756627674816,3.878561756239822,-4.270926417469021,-0.07927618163667986
427,"['2022-07-01', '2022-07-29']",sma,ema,96,4,"[20, 80]",0.75,-1.1058741474330391,3.8163106073457507,-4.791068100125046,-0.2897757182825787
428,"['2022-07-01', '2022-07-29']",sma,ema,96,4,"[30, 70]",1.0,-0.48280948689092273,3.822627082062112,-4.443019991622346,-0.12630305717147583
429,"['2022-07-01', '2022-07-29']",sma,ema,96,4,"[30, 70]",0.75,-1.1940143778145118,3.813747360655264,-4.8166043500349724,-0.3130816661147058
430,"['2022-07-01', '2022-07-29']",sma,ema,96,4,"[40, 60]",1.0,-0.2570383338945992,3.7430901444942335,-4.820235974464477,-0.06867008914350638
431,"['2022-07-01', '2022-07-29']",sma,ema,96,4,"[40, 60]",0.75,-0.7713538551758381,3.842391088322434,-4.8620806043734275,-0.20074839792338964
432,"['2022-07-01', '2022-07-29']",ema,sma,60,2,"[20, 80]",1.0,-0.03870702793841163,3.8969258242194056,-4.263262358649617,-0.009932708417965602
433,"['2022-07-01', '2022-07-29']",ema,sma,60,2,"[20, 80]",0.75,-0.04579209100368242,3.932663264863533,-4.389127351929352,-0.01164404067157564
434,"['2022-07-01', '2022-07-29']",ema,sma,60,2,"[30, 70]",1.0,-0.1809782468727983,3.882734379799185,-4.482980425764279,-0.04661102954000126
435,"['2022-07-01', '2022-07-29']",ema,sma,60,2,"[30, 70]",0.75,-0.06963470408348771,3.9140583448677804,-4.400866443664833,-0.017790921327167905
436,"['2022-07-01', '2022-07-29']",ema,sma,60,2,"[40, 60]",1.0,-1.6147661817293657,3.7179233819468895,-4.6370448481945274,-0.4343193809668541
437,"['2022-07-01', '2022-07-29']",ema,sma,60,2,"[40, 60]",0.75,-1.3411287419875295,3.782610286108925,-4.622284060092812,-0.3545511275408481
438,"['2022-07-01', '2022-07-29']",ema,sma,60,3,"[20, 80]",1.0,-0.30834857829565854,3.887389583742626,-4.521086570629349,-0.0793202151863546
439,"['2022-07-01', '2022-07-29']",ema,sma,60,3,"[20, 80]",0.75,-0.43985719556179914,3.871460183247328,-4.618556800913224,-0.11361532205991924
440,"['2022-07-01', '2022-07-29']",ema,sma,60,3,"[30, 70]",1.0,-0.5441463354778686,3.866565803007683,-4.5712047548164,-0.14073117158761242
441,"['2022-07-01', '2022-07-29']",ema,sma,60,3,"[30, 70]",0.75,-0.399000160855445,3.859599776292981,-4.472423456157269,-0.1033786361234251
442,"['2022-07-01', '2022-07-29']",ema,sma,60,3,"[40, 60]",1.0,-0.20098904492263925,3.8452891151804227,-4.533544392939931,-0.05226890330019015
443,"['2022-07-01', '2022-07-29']",ema,sma,60,3,"[40, 60]",0.75,-0.039147148404583554,3.880029723005852,-4.499234140097403,-0.010089393947801083
444,"['2022-07-01', '2022-07-29']",ema,sma,60,4,"[20, 80]",1.0,-0.44343931978623186,3.9256447909745056,-4.6065038093449795,-0.11295961387177673
445,"['2022-07-01', '2022-07-29']",ema,sma,60,4,"[20, 80]",0.75,-0.5647463945444353,3.897716404299717,-4.768478448264019,-0.14489160728098185
446,"['2022-07-01', '2022-07-29']",ema,sma,60,4,"[30, 70]",1.0,-0.9926376358204592,3.87860119784026,-5.154673637670334,-0.25592670790005284
447,"['2022-07-01', '2022-07-29']",ema,sma,60,4,"[30, 70]",0.75,-0.7111752029129614,3.867651707376557,-5.030875940611526,-0.18387777822821444
448,"['2022-07-01', '2022-07-29']",ema,sma,60,4,"[40, 60]",1.0,-0.31096692961424255,3.921420468413698,-4.997777791999887,-0.0792995630330954
449,"['2022-07-01', '2022-07-29']",ema,sma,60,4,"[40, 60]",0.75,-0.07324986027400504,3.915625110152468,-4.5832953505426,-0.01870706674244226
450,"['2022-07-01', '2022-07-29']",ema,sma,72,2,"[20, 80]",1.0,-0.3246158782334918,3.888176078367836,-4.283405131991088,-0.08348795725572127
451,"['2022-07-01', '2022-07-29']",ema,sma,72,2,"[20, 80]",0.75,0.2654405853018682,3.9699521198567527,-4.602440155748944,0.06686241478183018
452,"['2022-07-01', '2022-07-29']",ema,sma,72,2,"[30, 70]",1.0,-0.45676644815151324,3.9013849366100137,-4.539684035360155,-0.1170780262837653
453,"['2022-07-01', '2022-07-29']",ema,sma,72,2,"[30, 70]",0.75,0.2787171480739481,3.9821797411169326,-4.776464605745421,0.06999110190736212
454,"['2022-07-01', '2022-07-29']",ema,sma,72,2,"[40, 60]",1.0,-1.3261093751419817,3.96568383348959,-5.20422522591489,-0.33439614220962144
455,"['2022-07-01', '2022-07-29']",ema,sma,72,2,"[40, 60]",0.75,-0.937714433192316,4.021369637612819,-5.482641349088726,-0.2331828500473201
456,"['2022-07-01', '2022-07-29']",ema,sma,72,3,"[20, 80]",1.0,-0.38644049268676817,3.866408678334843,-4.448525929272989,-0.09994817538357005
457,"['2022-07-01', '2022-07-29']",ema,sma,72,3,"[20, 80]",0.75,-0.14044361115191917,3.845125934486505,-4.517158889008207,-0.036525100489504414
458,"['2022-07-01', '2022-07-29']",ema,sma,72,3,"[30, 70]",1.0,-0.3683646875300095,3.8165594986650877,-4.496719760230756,-0.09651747540130105
459,"['2022-07-01', '2022-07-29']",ema,sma,72,3,"[30, 70]",0.75,0.3691323879231989,3.8648726848983213,-4.421207165513834,0.0955095854426341
460,"['2022-07-01', '2022-07-29']",ema,sma,72,3,"[40, 60]",1.0,-0.035416765349227664,3.7718602171484807,-4.624844166980389,-0.009389734324779053
461,"['2022-07-01', '2022-07-29']",ema,sma,72,3,"[40, 60]",0.75,1.0106754803484774,3.96916572552951,-4.24358360173683,0.25463171614323243
462,"['2022-07-01', '2022-07-29']",ema,sma,72,4,"[20, 80]",1.0,-0.6055276251444197,3.860439176588263,-4.48993646316257,-0.15685459540890018
463,"['2022-07-01', '2022-07-29']",ema,sma,72,4,"[20, 80]",0.75,-0.7401005595534027,3.8388025596125344,-4.896415660555023,-0.19279464053189127
464,"['2022-07-01', '2022-07-29']",ema,sma,72,4,"[30, 70]",1.0,-1.5303394913607438,3.7961596285080974,-4.8850172113639845,-0.4031283299754631
465,"['2022-07-01', '2022-07-29']",ema,sma,72,4,"[30, 70]",0.75,-0.8511549706889054,3.8326037584264045,-4.933965258736859,-0.22208269477833362
466,"['2022-07-01', '2022-07-29']",ema,sma,72,4,"[40, 60]",1.0,-1.170412610390248,3.8733671857711394,-5.066633073165221,-0.3021692894724189
467,"['2022-07-01', '2022-07-29']",ema,sma,72,4,"[40, 60]",0.75,-0.5271972110153622,3.9236845755777057,-5.000283752100903,-0.13436279111139815
468,"['2022-07-01', '2022-07-29']",ema,sma,84,2,"[20, 80]",1.0,-0.521797337370844,3.843706773418032,-4.4083647025846595,-0.1357536794896645
469,"['2022-07-01', '2022-07-29']",ema,sma,84,2,"[20, 80]",0.75,-0.4630910035236191,3.8352113188653747,-4.743572106782548,-0.1207471935759258
470,"['2022-07-01', '2022-07-29']",ema,sma,84,2,"[30, 70]",1.0,-0.43314093517621277,3.8350597045083425,-4.572692368435874,-0.112942422947687
471,"['2022-07-01', '2022-07-29']",ema,sma,84,2,"[30, 70]",0.75,-0.3996867310839147,3.8653175934615405,-4.825000606303141,-0.10340333528091282
472,"['2022-07-01', '2022-07-29']",ema,sma,84,2,"[40, 60]",1.0,-0.5608341149496043,3.913913829875494,-5.226994696705421,-0.1432924022671815
473,"['2022-07-01', '2022-07-29']",ema,sma,84,2,"[40, 60]",0.75,-0.45116494293655496,3.9503042623721134,-5.20952550963407,-0.114210175462696
474,"['2022-07-01', '2022-07-29']",ema,sma,84,3,"[20, 80]",1.0,-0.2583265867984741,3.8955618142946578,-4.538422266397917,-0.06631305036684355
475,"['2022-07-01', '2022-07-29']",ema,sma,84,3,"[20, 80]",0.75,-0.33706097963541737,3.828019857134146,-4.821981289803707,-0.08805100083460869
476,"['2022-07-01', '2022-07-29']",ema,sma,84,3,"[30, 70]",1.0,-0.45848840333495566,3.851877889978931,-4.767230677208152,-0.1190298385438858
477,"['2022-07-01', '2022-07-29']",ema,sma,84,3,"[30, 70]",0.75,-0.8190894229060164,3.803828288311272,-5.012718235090385,-0.2153329122197719
478,"['2022-07-01', '2022-07-29']",ema,sma,84,3,"[40, 60]",1.0,-0.9477302580385705,3.7562731006912147,-4.921550042116176,-0.25230600455120605
479,"['2022-07-01', '2022-07-29']",ema,sma,84,3,"[40, 60]",0.75,-0.7927002419773954,3.796424687263864,-4.923634759284564,-0.20880178253943066
480,"['2022-07-01', '2022-07-29']",ema,sma,84,4,"[20, 80]",1.0,-0.3676769451456341,3.855905281079043,-4.434857712367734,-0.09535424714653332
481,"['2022-07-01', '2022-07-29']",ema,sma,84,4,"[20, 80]",0.75,-0.7813663231530654,3.765445863591722,-4.894085062205314,-0.20750964200763958
482,"['2022-07-01', '2022-07-29']",ema,sma,84,4,"[30, 70]",1.0,-0.420428242108406,3.789700649184581,-4.533208964625639,-0.11093969709688505
483,"['2022-07-01', '2022-07-29']",ema,sma,84,4,"[30, 70]",0.75,-0.5386983490282882,3.7569024026792657,-4.740047389300357,-0.14338896550629343
484,"['2022-07-01', '2022-07-29']",ema,sma,84,4,"[40, 60]",1.0,0.3856733913677246,3.8438890262722256,-4.351841219289934,0.10033416384597027
485,"['2022-07-01', '2022-07-29']",ema,sma,84,4,"[40, 60]",0.75,0.7265332546262826,3.9260489678016888,-4.188190298385977,0.18505455754238595
486,"['2022-07-01', '2022-07-29']",ema,sma,96,2,"[20, 80]",1.0,-0.6603420498914825,3.7612689636402497,-4.429118189969296,-0.17556363458049196
487,"['2022-07-01', '2022-07-29']",ema,sma,96,2,"[20, 80]",0.75,-1.0092359940235163,3.739613878033516,-4.946807565693008,-0.26987705868559486
488,"['2022-07-01', '2022-07-29']",ema,sma,96,2,"[30, 70]",1.0,-0.7779771578746764,3.747672267037294,-4.665461115068052,-0.2075894321703063
489,"['2022-07-01', '2022-07-29']",ema,sma,96,2,"[30, 70]",0.75,-1.2376963859758838,3.728699929407623,-5.095986218691481,-0.3319377824464722
490,"['2022-07-01', '2022-07-29']",ema,sma,96,2,"[40, 60]",1.0,-1.4783611284185039,3.81559988358729,-5.392217729833011,-0.3874518223930235
491,"['2022-07-01', '2022-07-29']",ema,sma,96,2,"[40, 60]",0.75,-2.3107240836090726,3.811672193907525,-5.660974199978917,-0.6062231918323071
492,"['2022-07-01', '2022-07-29']",ema,sma,96,3,"[20, 80]",1.0,-0.19038331972239808,3.8662317791332295,-4.448750623488807,-0.04924260380609673
493,"['2022-07-01', '2022-07-29']",ema,sma,96,3,"[20, 80]",0.75,-0.7109971440980578,3.891377891467091,-5.0648357240773185,-0.1827108967384312
494,"['2022-07-01', '2022-07-29']",ema,sma,96,3,"[30, 70]",1.0,-0.20609668204844,3.8581499520457467,-4.6135159714201475,-0.053418525617222115
495,"['2022-07-01', '2022-07-29']",ema,sma,96,3,"[30, 70]",0.75,-0.7040639122536607,3.88956253624816,-5.092509097539603,-0.18101365017074517
496,"['2022-07-01', '2022-07-29']",ema,sma,96,3,"[40, 60]",1.0,-2.5280830214527206,3.812905832520853,-5.945961687026307,-0.6630331648608566
497,"['2022-07-01', '2022-07-29']",ema,sma,96,3,"[40, 60]",0.75,-3.138620918908175,3.7521343170770542,-6.148700125114983,-0.8364894893616677
498,"['2022-07-01', '2022-07-29']",ema,sma,96,4,"[20, 80]",1.0,-0.11942388492854894,3.8417778235030293,-4.472131827127688,-0.031085578191935952
499,"['2022-07-01', '2022-07-29']",ema,sma,96,4,"[20, 80]",0.75,-0.7499177105973809,3.8098566189755045,-5.015822723146318,-0.19683620293275988
500,"['2022-07-01', '2022-07-29']",ema,sma,96,4,"[30, 70]",1.0,-0.21519353566299415,3.7844566769776407,-4.584648495162933,-0.05686246508570233
501,"['2022-07-01', '2022-07-29']",ema,sma,96,4,"[30, 70]",0.75,-0.9145025733309997,3.809208615394106,-5.076442439603396,-0.24007678908296914
502,"['2022-07-01', '2022-07-29']",ema,sma,96,4,"[40, 60]",1.0,0.27724214617685927,3.72318292885839,-4.805802680157367,0.07446374553019017
503,"['2022-07-01', '2022-07-29']",ema,sma,96,4,"[40, 60]",0.75,-0.11391183994126086,3.8669338422866413,-4.906558023155039,-0.029457923147167463
504,"['2022-07-01', '2022-07-29']",ema,ema,60,2,"[20, 80]",1.0,-0.5059308306169852,3.8877344713041064,-4.464613519088413,-0.130135129945558
505,"['2022-07-01', '2022-07-29']",ema,ema,60,2,"[20, 80]",0.75,-0.7169922831702036,3.8727584392900876,-4.558240276668887,-0.18513736253109422
506,"['2022-07-01', '2022-07-29']",ema,ema,60,2,"[30, 70]",1.0,-0.5663838153250222,3.8652131543334667,-4.5934407606659455,-0.14653365615555342
507,"['2022-07-01', '2022-07-29']",ema,ema,60,2,"[30, 70]",0.75,-0.8057301115517057,3.847155201727586,-4.5646305793011335,-0.20943530200962213
508,"['2022-07-01', '2022-07-29']",ema,ema,60,2,"[40, 60]",1.0,-1.5829101761896114,3.714282858252825,-4.390223402670744,-0.4261684520532726
509,"['2022-07-01', '2022-07-29']",ema,ema,60,2,"[40, 60]",0.75,-1.5978684784055175,3.7503694432496237,-4.481341120949875,-0.4260562866097253
510,"['2022-07-01', '2022-07-29']",ema,ema,60,3,"[20, 80]",1.0,-0.582503270927559,3.8975020964712206,-4.496335385820591,-0.14945553754928181
511,"['2022-07-01', '2022-07-29']",ema,ema,60,3,"[20, 80]",0.75,-0.9136815798336917,3.863690273452669,-4.740956850993777,-0.23647899162921462
512,"['2022-07-01', '2022-07-29']",ema,ema,60,3,"[30, 70]",1.0,-0.7628936997222557,3.866963494813719,-4.554026345325812,-0.197284949998993
513,"['2022-07-01', '2022-07-29']",ema,ema,60,3,"[30, 70]",0.75,-0.7684564739295241,3.8399273216046983,-4.515095565114337,-0.20012266107380064
514,"['2022-07-01', '2022-07-29']",ema,ema,60,3,"[40, 60]",1.0,0.17628053806031385,3.868942687186366,-4.346167132466326,0.04556297477451427
515,"['2022-07-01', '2022-07-29']",ema,ema,60,3,"[40, 60]",0.75,0.3052744836283594,3.9252457479594076,-4.394157332754323,0.07777206912129273
516,"['2022-07-01', '2022-07-29']",ema,ema,60,4,"[20, 80]",1.0,-0.6307578076576781,3.8946256678766673,-4.502434909314059,-0.16195595198281648
517,"['2022-07-01', '2022-07-29']",ema,ema,60,4,"[20, 80]",0.75,-0.8420478213917781,3.8646924326354255,-4.657480999444796,-0.21788223411547547
518,"['2022-07-01', '2022-07-29']",ema,ema,60,4,"[30, 70]",1.0,-1.0237928354413617,3.8441888268269455,-4.929985738025249,-0.26632220256631267
519,"['2022-07-01', '2022-07-29']",ema,ema,60,4,"[30, 70]",0.75,-0.9504663376069811,3.8270991502021596,-4.860567328639525,-0.24835163665847915
520,"['2022-07-01', '2022-07-29']",ema,ema,60,4,"[40, 60]",1.0,-0.21887399520378326,3.8832840777859143,-4.6411099204016875,-0.05636311709870477
521,"['2022-07-01', '2022-07-29']",ema,ema,60,4,"[40, 60]",0.75,-0.11429018016159143,3.8595329006228365,-4.26701595981217,-0.029612438371272264
522,"['2022-07-01', '2022-07-29']",ema,ema,72,2,"[20, 80]",1.0,-0.5140245266465504,3.885465655393852,-4.447465144372139,-0.13229418871145474
523,"['2022-07-01', '2022-07-29']",ema,ema,72,2,"[20, 80]",0.75,-0.32631656319915825,3.8557721134590377,-4.6338707177950385,-0.08463066633531346
524,"['2022-07-01', '2022-07-29']",ema,ema,72,2,"[30, 70]",1.0,-0.730279075299034,3.8713991686926232,-4.678886155723949,-0.18863440412052634
525,"['2022-07-01', '2022-07-29']",ema,ema,72,2,"[30, 70]",0.75,-0.5196873447279815,3.831406488994893,-4.787176486304913,-0.13563879119083316
526,"['2022-07-01', '2022-07-29']",ema,ema,72,2,"[40, 60]",1.0,-1.6384419139938378,3.8794824172500295,-5.089279511475557,-0.42233518231930717
527,"['2022-07-01', '2022-07-29']",ema,ema,72,2,"[40, 60]",0.75,-1.5891709010588784,3.8763156583181737,-5.526899862604123,-0.409969424870929
528,"['2022-07-01', '2022-07-29']",ema,ema,72,3,"[20, 80]",1.0,-0.5132545496103647,3.8784765962839725,-4.357357334032686,-0.13233405871318693
529,"['2022-07-01', '2022-07-29']",ema,ema,72,3,"[20, 80]",0.75,-0.6500604699762436,3.833354784134451,-4.69802722589874,-0.16958004322133816
530,"['2022-07-01', '2022-07-29']",ema,ema,72,3,"[30, 70]",1.0,-0.6446852753755117,3.8086239664798045,-4.421500564098495,-0.16926986781826475
531,"['2022-07-01', '2022-07-29']",ema,ema,72,3,"[30, 70]",0.75,-0.35715200666823765,3.812127956856552,-4.457057263362197,-0.09368835745029454
532,"['2022-07-01', '2022-07-29']",ema,ema,72,3,"[40, 60]",1.0,-0.6266540136029564,3.703112233142286,-4.579024631466775,-0.1692236081840834
533,"['2022-07-01', '2022-07-29']",ema,ema,72,3,"[40, 60]",0.75,0.2495250177735997,3.866087610538021,-4.285720918562198,0.06454199772748419
534,"['2022-07-01', '2022-07-29']",ema,ema,72,4,"[20, 80]",1.0,-0.7492029236332298,3.8893243930212873,-4.436236737027064,-0.19263060828187628
535,"['2022-07-01', '2022-07-29']",ema,ema,72,4,"[20, 80]",0.75,-1.044250752430842,3.852871735112795,-4.884716537714423,-0.2710317976365935
536,"['2022-07-01', '2022-07-29']",ema,ema,72,4,"[30, 70]",1.0,-1.5384084668233489,3.821512898045593,-4.800618536430574,-0.40256529491503884
537,"['2022-07-01', '2022-07-29']",ema,ema,72,4,"[30, 70]",0.75,-0.9524604323440045,3.841018803682491,-4.853739983554443,-0.24797078093730088
538,"['2022-07-01', '2022-07-29']",ema,ema,72,4,"[40, 60]",1.0,-0.9006962365801896,3.901637817890957,-4.982193742657037,-0.2308508064100793
539,"['2022-07-01', '2022-07-29']",ema,ema,72,4,"[40, 60]",0.75,-0.1844348487888392,3.9568355279428724,-4.87002871263844,-0.046611704602421374
540,"['2022-07-01', '2022-07-29']",ema,ema,84,2,"[20, 80]",1.0,-0.5293061833865242,3.8476301775269333,-4.498764324713416,-0.13756680319176
541,"['2022-07-01', '2022-07-29']",ema,ema,84,2,"[20, 80]",0.75,-0.8002777035338471,3.7559298486684622,-4.956543182372841,-0.21307046078551187
542,"['2022-07-01', '2022-07-29']",ema,ema,84,2,"[30, 70]",1.0,-0.5476314734477961,3.8375422401446757,-4.750400741226835,-0.14270369918511966
543,"['2022-07-01', '2022-07-29']",ema,ema,84,2,"[30, 70]",0.75,-0.8505142746458083,3.781159575537718,-5.124121500194991,-0.22493477401700424
544,"['2022-07-01', '2022-07-29']",ema,ema,84,2,"[40, 60]",1.0,-0.539303732801677,3.864204205167613,-5.1662367228721635,-0.13956398372541087
545,"['2022-07-01', '2022-07-29']",ema,ema,84,2,"[40, 60]",0.75,-0.6290599858286949,3.8432847915237023,-5.392667933277083,-0.16367769237816457
546,"['2022-07-01', '2022-07-29']",ema,ema,84,3,"[20, 80]",1.0,-0.33507520717348527,3.8900178548743023,-4.396408737193593,-0.08613719002693691
547,"['2022-07-01', '2022-07-29']",ema,ema,84,3,"[20, 80]",0.75,-0.5236778929794683,3.7983141389739843,-4.798815716837772,-0.1378711380415013
548,"['2022-07-01', '2022-07-29']",ema,ema,84,3,"[30, 70]",1.0,-0.4549064066682651,3.8396650025282737,-4.553554280586131,-0.1184755457491022
549,"['2022-07-01', '2022-07-29']",ema,ema,84,3,"[30, 70]",0.75,-0.8632062932513174,3.768910213216116,-4.906482316636943,-0.22903339278934942
550,"['2022-07-01', '2022-07-29']",ema,ema,84,3,"[40, 60]",1.0,-1.0133607573900805,3.765546825585744,-4.575554179085914,-0.26911383773124337
551,"['2022-07-01', '2022-07-29']",ema,ema,84,3,"[40, 60]",0.75,-0.8440901164650016,3.7920423946093442,-4.63454573516266,-0.22259511593671402
552,"['2022-07-01', '2022-07-29']",ema,ema,84,4,"[20, 80]",1.0,-0.4621059461557553,3.8771496569354427,-4.346658209238685,-0.11918702836996257
553,"['2022-07-01', '2022-07-29']",ema,ema,84,4,"[20, 80]",0.75,-0.8960761819150731,3.777527412616593,-4.871468886053963,-0.23721235719488398
554,"['2022-07-01', '2022-07-29']",ema,ema,84,4,"[30, 70]",1.0,-0.5836964639083453,3.8010339996869154,-4.459111756382895,-0.15356254744272832
555,"['2022-07-01', '2022-07-29']",ema,ema,84,4,"[30, 70]",0.75,-0.6537871841367671,3.7704409103002314,-4.671054862043981,-0.1733980719206411
556,"['2022-07-01', '2022-07-29']",ema,ema,84,4,"[40, 60]",1.0,0.2716498909420162,3.8552595605917626,-4.330181690525202,0.07046215350032602
557,"['2022-07-01', '2022-07-29']",ema,ema,84,4,"[40, 60]",0.75,0.6424738487935677,3.929417488250243,-4.204950321581675,0.1635035856369793
558,"['2022-07-01', '2022-07-29']",ema,ema,96,2,"[20, 80]",1.0,-0.5400952140840687,3.799464063458027,-4.614560509809775,-0.14215036780542908
559,"['2022-07-01', '2022-07-29']",ema,ema,96,2,"[20, 80]",0.75,-1.2617500881037969,3.777764496258756,-5.438580138794123,-0.333993844601311
560,"['2022-07-01', '2022-07-29']",ema,ema,96,2,"[30, 70]",1.0,-0.5699157930748044,3.7882527725115134,-4.740847630482774,-0.15044291585034994
561,"['2022-07-01', '2022-07-29']",ema,ema,96,2,"[30, 70]",0.75,-1.4286008251376048,3.7715819109780058,-5.61382182024569,-0.3787802728026011
562,"['2022-07-01', '2022-07-29']",ema,ema,96,2,"[40, 60]",1.0,-1.6485146463455225,3.8176832130126357,-5.72678707104197,-0.4318102247788746
563,"['2022-07-01', '2022-07-29']",ema,ema,96,2,"[40, 60]",0.75,-2.5658616191707284,3.8136599723848135,-6.176182109992943,-0.6728081784297635
564,"['2022-07-01', '2022-07-29']",ema,ema,96,3,"[20, 80]",1.0,-0.2854342826787204,3.8311933204484894,-4.4537500188057795,-0.07450270941830384
565,"['2022-07-01', '2022-07-29']",ema,ema,96,3,"[20, 80]",0.75,-1.0313165799707202,3.766840455276587,-5.11624726366012,-0.27378822974199846
566,"['2022-07-01', '2022-07-29']",ema,ema,96,3,"[30, 70]",1.0,-0.36174161633939494,3.8041770971324835,-4.620681678390796,-0.0950906351368523
567,"['2022-07-01', '2022-07-29']",ema,ema,96,3,"[30, 70]",0.75,-1.1298375748925227,3.7598628904721263,-5.213955541980093,-0.3004996745375066
568,"['2022-07-01', '2022-07-29']",ema,ema,96,3,"[40, 60]",1.0,-2.3190436914006463,3.7459859449871473,-5.8068712593709275,-0.619074317271258
569,"['2022-07-01', '2022-07-29']",ema,ema,96,3,"[40, 60]",0.75,-3.170320481122124,3.6978583892291015,-6.262264977795288,-0.8573396132086729
570,"['2022-07-01', '2022-07-29']",ema,ema,96,4,"[20, 80]",1.0,-0.1372043473321205,3.8489499835619,-4.390825128225084,-0.03564721493344756
571,"['2022-07-01', '2022-07-29']",ema,ema,96,4,"[20, 80]",0.75,-0.8130332819518027,3.791554958676918,-5.005343213822387,-0.21443267757234744
572,"['2022-07-01', '2022-07-29']",ema,ema,96,4,"[30, 70]",1.0,-0.2146342406845414,3.786555706812343,-4.504172403184436,-0.056683238621947574
573,"['2022-07-01', '2022-07-29']",ema,ema,96,4,"[30, 70]",0.75,-0.9255393098079101,3.7820192342361842,-5.0070475411652,-0.24472094203794598
574,"['2022-07-01', '2022-07-29']",ema,ema,96,4,"[40, 60]",1.0,0.09115133463917235,3.7126123412805785,-4.809001443735215,0.02455180510651749
575,"['2022-07-01', '2022-07-29']",ema,ema,96,4,"[40, 60]",0.75,-0.33495384406279083,3.8406391639864443,-4.948256226342675,-0.08721304703749386
